t,Dn,Dm,Dx,Sn,Sm,Sx,Ta,Ua,Pa,Rc,Rd,Ri
0,287.0,300.0,306.0,0.8,1.0,1.2,10.9,82.5,952.8,59.46,55100.0,0.0
60,292.0,303.0,313.0,1.0,1.1,1.3,10.9,82.6,952.8,59.46,55100.0,0.0
120,298.0,300.0,307.0,1.1,1.2,1.3,10.8,82.5,952.7,59.46,55100.0,0.0
180,283.0,290.0,295.0,1.3,1.4,1.4,10.9,82.5,952.8,59.46,55100.0,0.0
240,283.0,290.0,296.0,1.3,1.3,1.4,10.8,82.5,952.8,59.46,55100.0,0.0
300,289.0,293.0,300.0,1.2,1.3,1.4,10.8,82.5,952.8,59.46,55100.0,0.0
360,286.0,293.0,299.0,1.3,1.5,1.7,10.9,82.6,952.7,59.46,55100.0,0.0
420,279.0,294.0,306.0,0.9,1.1,1.1,10.8,82.6,952.7,59.46,55100.0,0.0
480,302.0,305.0,311.0,1.5,1.6,1.8,10.8,82.6,952.7,59.46,55100.0,0.0
540,293.0,299.0,308.0,1.4,1.6,1.7,10.8,82.8,952.7,59.46,55100.0,0.0
600,300.0,308.0,312.0,1.1,1.2,1.3,10.7,82.9,952.6,59.46,55100.0,0.0
660,300.0,307.0,316.0,1.1,1.2,1.3,10.8,83.0,952.6,59.46,55100.0,0.0
720,306.0,309.0,312.0,1.4,1.5,1.7,10.8,83.0,952.7,59.46,55100.0,0.0
780,309.0,315.0,321.0,1.2,1.4,1.6,10.8,83.7,952.7,59.46,55100.0,0.0
840,316.0,321.0,327.0,1.2,1.3,1.4,10.8,83.5,952.7,59.46,55100.0,0.0
900,290.0,299.0,307.0,1.6,1.8,1.9,10.5,83.8,952.6,59.46,55100.0,0.0
960,307.0,311.0,314.0,1.9,1.9,2.0,10.7,84.4,952.6,59.46,55100.0,0.0
1020,310.0,314.0,322.0,1.4,1.6,1.8,10.8,84.7,952.7,59.46,55100.0,0.0
1080,307.0,310.0,317.0,1.3,1.4,1.4,10.7,84.8,952.7,59.46,55100.0,0.0
1140,306.0,317.0,327.0,1.0,1.3,1.6,10.7,84.8,952.6,59.46,55100.0,0.0
1200,320.0,328.0,338.0,1.3,1.4,1.5,10.8,85.3,952.7,59.46,55100.0,0.0
1260,331.0,335.0,338.0,1.3,1.3,1.4,10.8,85.6,952.6,59.46,55100.0,0.0
1320,330.0,331.0,333.0,1.8,1.8,1.8,10.8,85.8,952.6,59.46,55100.0,0.0
1380,332.0,341.0,348.0,1.5,1.6,1.6,10.9,86.0,952.7,59.46,55100.0,0.0
1440,334.0,336.0,337.0,1.8,1.8,1.8,10.8,86.1,952.6,59.46,55100.0,0.0
1500,334.0,335.0,336.0,2.0,2.0,2.0,10.8,86.3,952.7,59.46,55100.0,0.0
1560,331.0,335.0,338.0,1.8,1.9,2.0,10.8,86.4,952.7,59.46,55100.0,0.0
1620,334.0,336.0,338.0,2.0,2.0,2.1,10.8,86.6,952.6,59.46,55100.0,0.0
1680,328.0,334.0,338.0,1.7,1.8,1.9,10.8,86.7,952.7,59.46,55100.0,0.0
1740,336.0,339.0,342.0,1.8,1.9,1.9,10.8,86.7,952.7,59.46,55100.0,0.0
1800,334.0,338.0,347.0,1.3,1.6,1.8,10.7,86.7,952.6,59.46,55100.0,0.0
1860,335.0,336.0,338.0,1.7,1.7,1.7,10.7,86.8,952.6,59.46,55100.0,0.0
1920,334.0,337.0,343.0,1.5,1.7,1.8,10.8,86.6,952.7,59.46,55100.0,0.0
1980,332.0,338.0,342.0,1.5,1.6,1.8,10.8,86.6,952.7,59.46,55100.0,0.0
2040,331.0,334.0,335.0,1.8,1.9,1.9,10.7,86.7,952.6,59.46,55100.0,0.0
2100,334.0,337.0,342.0,1.6,1.6,1.7,10.8,86.8,952.7,59.46,55100.0,0.0
2160,331.0,335.0,338.0,1.5,1.7,1.8,10.8,86.8,952.7,59.46,55100.0,0.0
2220,334.0,335.0,338.0,1.6,1.7,1.7,10.8,86.7,952.7,59.46,55100.0,0.0
2280,336.0,337.0,339.0,1.7,1.7,1.8,10.7,86.6,952.6,59.46,55100.0,0.0
2340,341.0,343.0,344.0,1.6,1.6,1.7,10.7,86.3,952.6,59.46,55100.0,0.0
2400,345.0,347.0,349.0,1.6,1.7,1.7,10.7,86.0,952.7,59.46,55100.0,0.0
2460,345.0,348.0,349.0,1.5,1.5,1.5,10.6,85.8,952.6,59.46,55100.0,0.0
2520,347.0,348.0,349.0,1.2,1.2,1.3,10.6,85.4,952.6,59.46,55100.0,0.0
2580,339.0,341.0,345.0,1.2,1.2,1.3,10.7,85.2,952.7,59.46,55100.0,0.0
2640,328.0,331.0,334.0,1.0,1.1,1.2,10.7,84.9,952.6,59.46,55100.0,0.0
2700,318.0,325.0,328.0,1.0,1.0,1.2,10.7,84.7,952.6,59.46,55100.0,0.0
2760,315.0,318.0,321.0,1.0,1.1,1.1,10.7,84.6,952.6,59.46,55100.0,0.0
2820,308.0,313.0,316.0,1.1,1.2,1.2,10.8,84.4,952.7,59.46,55100.0,0.0
2880,306.0,307.0,308.0,1.2,1.3,1.3,10.8,84.2,952.6,59.46,55100.0,0.0
2940,316.0,317.0,320.0,1.3,1.4,1.4,10.8,83.9,952.6,59.46,55100.0,0.0
3000,331.0,334.0,338.0,1.5,1.5,1.6,10.6,83.7,952.5,59.46,55100.0,0.0
3060,345.0,348.0,350.0,1.7,1.8,1.8,10.9,83.5,952.6,59.46,55100.0,0.0
3120,356.0,358.0,0.0,1.7,1.8,1.8,10.8,83.7,952.4,59.46,55100.0,0.0
3180,4.0,6.0,10.0,1.8,1.9,1.9,10.9,83.4,952.5,59.46,55100.0,0.0
3240,12.0,14.0,16.0,1.4,1.5,1.5,10.9,83.4,952.4,59.46,55100.0,0.0
3300,351.0,355.0,0.0,1.2,1.3,1.4,11.0,83.4,952.5,59.46,55100.0,0.0
3360,330.0,335.0,338.0,0.9,1.0,1.1,11.0,83.2,952.5,59.46,55100.0,0.0
3420,292.0,302.0,309.0,0.5,0.7,0.7,11.0,82.8,952.4,59.46,55100.0,0.0
3480,292.0,306.0,317.0,0.6,0.7,0.8,11.0,82.7,952.4,59.46,55100.0,0.0
3540,318.0,320.0,321.0,0.8,0.8,0.9,11.1,82.5,952.5,59.46,55100.0,0.0
3600,322.0,326.0,330.0,0.7,0.8,0.9,11.0,82.3,952.4,59.46,55100.0,0.0
3660,323.0,333.0,341.0,0.6,0.8,0.9,11.1,82.3,952.5,59.46,55100.0,0.0
3720,321.0,325.0,330.0,0.9,0.9,1.0,11.1,82.1,952.5,59.46,55100.0,0.0
3780,325.0,331.0,334.0,0.7,0.8,0.8,11.1,82.2,952.5,59.46,55100.0,0.0
3840,326.0,331.0,334.0,0.7,0.8,0.8,11.1,82.2,952.5,59.46,55100.0,0.0
3900,325.0,328.0,334.0,0.7,0.7,0.8,11.1,82.1,952.5,59.46,55100.0,0.0
3960,319.0,324.0,325.0,0.7,0.7,0.8,11.1,82.1,952.5,59.46,55100.0,0.0
4020,312.0,312.0,314.0,0.7,0.7,0.7,11.1,82.1,952.5,59.46,55100.0,0.0
4080,304.0,309.0,313.0,0.7,0.8,0.8,11.2,82.1,952.6,59.46,55100.0,0.0
4140,303.0,309.0,313.0,0.9,1.0,1.1,11.1,82.0,952.5,59.46,55100.0,0.0
4200,314.0,315.0,316.0,1.0,1.1,1.1,11.2,81.8,952.5,59.46,55100.0,0.0
4260,326.0,328.0,330.0,1.1,1.2,1.2,11.2,81.9,952.5,59.46,55100.0,0.0
4320,336.0,338.0,340.0,1.2,1.3,1.3,11.2,82.1,952.6,59.46,55100.0,0.0
4380,345.0,347.0,350.0,1.2,1.3,1.3,11.2,82.2,952.6,59.46,55100.0,0.0
4440,349.0,351.0,352.0,1.3,1.4,1.4,11.2,82.0,952.5,59.46,55100.0,0.0
4500,356.0,358.0,0.0,1.2,1.3,1.4,11.1,81.9,952.4,59.46,55100.0,0.0
4560,6.0,3.0,0.0,1.3,1.5,1.6,11.2,81.9,952.5,59.46,55100.0,0.0
4620,0.0,2.0,5.0,1.4,1.5,1.6,11.2,81.9,952.5,59.46,55100.0,0.0
4680,6.0,8.0,13.0,1.4,1.5,1.5,11.1,81.8,952.4,59.46,55100.0,0.0
4740,15.0,18.0,21.0,1.4,1.5,1.6,11.2,81.8,952.4,59.46,55100.0,0.0
4800,16.0,24.0,28.0,1.4,1.5,1.7,11.2,81.7,952.5,59.46,55100.0,0.0
4860,34.0,35.0,39.0,1.2,1.3,1.4,11.2,81.5,952.3,59.46,55100.0,0.0
4920,49.0,50.0,53.0,1.0,1.1,1.2,11.2,81.3,952.3,59.46,55100.0,0.0
4980,48.0,49.0,52.0,1.1,1.2,1.2,11.2,81.1,952.4,59.46,55100.0,0.0
5040,46.0,47.0,50.0,1.0,1.0,1.0,11.2,81.2,952.3,59.46,55100.0,0.0
5100,41.0,44.0,46.0,1.0,1.1,1.1,11.1,81.2,952.2,59.46,55100.0,0.0
5160,39.0,41.0,41.0,1.3,1.4,1.4,11.1,81.4,952.2,59.46,55100.0,0.0
5220,40.0,43.0,45.0,1.1,1.2,1.2,11.1,81.6,952.3,59.46,55100.0,0.0
5280,40.0,46.0,48.0,1.1,1.2,1.3,11.1,81.6,952.2,59.46,55100.0,0.0
5340,44.0,46.0,47.0,1.3,1.3,1.3,11.1,81.7,952.2,59.46,55100.0,0.0
5400,48.0,52.0,54.0,1.2,1.2,1.2,11.2,81.7,952.3,59.46,55100.0,0.0
5460,50.0,52.0,53.0,1.2,1.2,1.2,11.2,81.6,952.2,59.46,55100.0,0.0
5520,47.0,49.0,52.0,1.2,1.2,1.3,11.2,81.5,952.2,59.46,55100.0,0.0
5580,45.0,47.0,47.0,1.2,1.2,1.2,11.2,81.4,952.3,59.46,55100.0,0.0
5640,42.0,45.0,50.0,1.0,1.1,1.2,11.2,81.2,952.2,59.46,55100.0,0.0
5700,31.0,34.0,40.0,1.1,1.1,1.2,11.2,81.1,952.2,59.46,55100.0,0.0
5760,31.0,32.0,34.0,1.2,1.2,1.3,11.3,81.0,952.2,59.46,55100.0,0.0
5820,28.0,34.0,36.0,1.1,1.2,1.3,11.3,80.8,952.2,59.46,55100.0,0.0
5880,31.0,32.0,36.0,0.9,1.0,1.1,11.3,80.6,952.2,59.46,55100.0,0.0
5940,26.0,30.0,31.0,1.0,1.1,1.1,11.2,80.5,952.2,59.46,55100.0,0.0
6000,26.0,30.0,34.0,1.1,1.2,1.4,11.3,80.5,952.2,59.46,55100.0,0.0
6060,25.0,31.0,36.0,0.9,1.0,1.0,11.3,80.1,952.2,59.46,55100.0,0.0
6120,28.0,30.0,32.0,1.0,1.1,1.1,11.3,80.1,952.2,59.46,55100.0,0.0
6180,27.0,29.0,31.0,1.2,1.3,1.4,11.4,80.2,952.1,59.46,55100.0,0.0
6240,27.0,27.0,29.0,1.4,1.4,1.5,11.4,80.1,952.2,59.46,55100.0,0.0
6300,21.0,22.0,26.0,1.1,1.1,1.1,11.4,80.0,952.2,59.46,55100.0,0.0
6360,11.0,12.0,13.0,1.0,1.0,1.0,11.4,80.1,952.2,59.46,55100.0,0.0
6420,3.0,0.0,356.0,0.9,1.0,1.0,11.4,80.0,952.2,59.46,55100.0,0.0
6480,338.0,344.0,349.0,0.8,0.9,1.0,11.4,79.7,952.2,59.46,55100.0,0.0
6540,318.0,320.0,322.0,0.9,0.9,1.0,11.4,79.6,952.2,59.46,55100.0,0.0
6600,316.0,318.0,321.0,0.8,0.8,0.8,11.4,79.6,952.3,59.46,55100.0,0.0
6660,317.0,320.0,323.0,0.7,0.8,0.9,11.4,79.1,952.2,59.46,55100.0,0.0
6720,330.0,341.0,347.0,0.8,0.8,0.8,11.5,78.9,952.2,59.46,55100.0,0.0
6780,344.0,350.0,355.0,0.9,1.0,1.2,11.5,78.8,952.3,59.46,55100.0,0.0
6840,306.0,322.0,334.0,1.0,1.2,1.4,11.5,78.4,952.2,59.46,55100.0,0.0
6900,295.0,311.0,321.0,1.0,1.1,1.2,11.5,78.9,952.2,59.46,55100.0,0.0
6960,302.0,308.0,316.0,0.9,1.1,1.3,11.5,79.2,952.3,59.46,55100.0,0.0
7020,320.0,324.0,330.0,1.4,1.4,1.5,11.5,78.9,952.2,59.46,55100.0,0.0
7080,320.0,326.0,331.0,1.4,1.4,1.6,11.5,78.9,952.2,59.46,55100.0,0.0
7140,349.0,354.0,0.0,1.3,1.4,1.6,11.4,78.8,952.2,59.46,55100.0,0.0
7200,334.0,341.0,347.0,0.9,1.1,1.2,11.5,78.9,952.1,59.46,55100.0,0.0
7260,330.0,334.0,338.0,1.0,1.1,1.2,11.4,79.2,952.1,59.46,55100.0,0.0
7320,331.0,338.0,344.0,1.1,1.2,1.3,11.4,79.2,952.2,59.46,55100.0,0.0
7380,324.0,330.0,336.0,1.3,1.4,1.5,11.3,79.2,952.1,59.46,55100.0,0.0
7440,300.0,310.0,320.0,1.4,1.4,1.5,11.4,78.9,952.1,59.46,55100.0,0.0
7500,274.0,279.0,285.0,0.9,1.3,1.6,11.3,79.2,952.1,59.46,55100.0,0.0
7560,218.0,222.0,231.0,1.5,1.8,2.1,11.4,79.5,952.2,59.46,55100.0,0.0
7620,220.0,230.0,233.0,1.8,2.2,2.4,11.4,80.0,952.1,59.46,55100.0,0.0
7680,219.0,231.0,245.0,1.6,1.8,2.0,11.3,80.6,952.2,59.46,55100.0,0.0
7740,244.0,253.0,260.0,1.4,1.6,1.8,11.2,80.8,952.0,59.46,55100.0,0.0
7800,245.0,251.0,255.0,1.0,1.2,1.4,11.2,81.0,952.0,59.46,55100.0,0.0
7860,236.0,249.0,258.0,1.2,1.5,1.6,11.0,81.0,952.0,59.46,55100.0,0.0
7920,216.0,229.0,239.0,1.1,1.3,1.6,11.1,81.1,952.1,59.46,55100.0,0.0
7979,229.0,241.0,245.0,1.5,1.6,1.7,11.1,81.2,952.0,59.46,55100.0,0.0
8039,238.0,243.0,249.0,1.5,1.7,1.8,11.1,81.3,952.1,59.46,55100.0,0.0
8100,237.0,253.0,259.0,1.3,1.7,1.8,11.1,81.5,952.0,59.46,55100.0,0.0
8160,253.0,257.0,259.0,1.4,1.5,1.5,11.1,81.6,952.1,59.46,55100.0,0.0
8219,266.0,269.0,271.0,1.2,1.3,1.4,11.1,81.6,952.1,59.46,55100.0,0.0
8279,279.0,282.0,286.0,1.0,1.1,1.2,11.0,81.7,952.0,59.46,55100.0,0.0
8339,302.0,303.0,304.0,0.9,0.9,1.0,11.0,81.7,952.0,59.46,55100.0,0.0
8399,311.0,313.0,317.0,1.1,1.1,1.2,11.1,81.7,952.1,59.46,55100.0,0.0
8459,323.0,326.0,328.0,1.2,1.2,1.3,11.0,81.6,952.0,59.46,55100.0,0.0
8519,332.0,334.0,337.0,1.2,1.3,1.4,11.1,81.4,952.0,59.46,55100.0,0.0
8580,330.0,332.0,334.0,1.3,1.3,1.3,11.1,81.3,952.0,59.46,55100.0,0.0
8640,330.0,331.0,334.0,1.2,1.3,1.4,11.1,81.2,952.0,59.46,55100.0,0.0
8699,326.0,328.0,332.0,1.1,1.2,1.2,11.2,80.8,952.1,59.46,55100.0,0.0
8759,300.0,303.0,305.0,1.0,1.1,1.1,11.2,80.4,952.0,59.46,55100.0,0.0
8819,260.0,263.0,266.0,1.2,1.3,1.5,11.2,80.5,952.0,59.46,55100.0,0.0
8880,215.0,223.0,230.0,1.8,2.0,2.1,11.3,80.5,952.0,59.46,55100.0,0.0
8939,216.0,224.0,233.0,2.5,2.9,3.1,11.3,80.5,952.1,59.46,55100.0,0.0
8999,219.0,229.0,241.0,2.5,2.6,2.9,11.0,81.1,952.0,59.46,55100.0,0.0
9060,217.0,226.0,233.0,2.1,2.6,2.8,11.1,81.9,952.0,59.46,55100.0,0.0
9119,226.0,229.0,233.0,2.0,2.1,2.3,11.0,82.5,952.1,59.46,55100.0,0.0
9179,228.0,234.0,241.0,1.5,1.8,1.9,10.9,83.1,952.1,59.46,55100.0,0.0
9239,222.0,231.0,241.0,1.2,1.4,1.7,10.8,83.6,952.0,59.46,55100.0,0.0
9299,225.0,240.0,246.0,1.6,1.8,2.0,10.9,83.9,952.1,59.46,55100.0,0.0
9359,229.0,234.0,238.0,1.5,1.9,2.2,10.7,83.9,952.0,59.46,55100.0,0.0
9419,230.0,236.0,243.0,1.7,1.9,2.1,10.6,84.0,952.0,59.46,55100.0,0.0
9479,238.0,242.0,255.0,1.6,2.1,2.2,10.8,83.9,952.1,59.46,55100.0,0.0
9539,236.0,241.0,247.0,1.8,2.2,2.4,10.8,84.3,952.1,59.46,55100.0,0.0
9599,242.0,243.0,246.0,2.3,2.4,2.5,10.8,84.3,952.1,59.46,55100.0,0.0
9659,235.0,242.0,248.0,2.0,2.1,2.5,10.8,84.5,952.0,59.46,55100.0,0.0
9719,241.0,242.0,243.0,2.0,2.0,2.1,10.8,84.5,952.1,59.46,55100.0,0.0
9779,240.0,242.0,244.0,1.9,1.9,2.0,10.8,84.5,951.9,59.46,55100.0,0.0
9839,238.0,242.0,246.0,1.6,1.7,1.7,10.6,84.5,952.0,59.46,55100.0,0.0
9899,244.0,251.0,253.0,1.3,1.7,1.8,10.8,84.4,952.1,59.46,55100.0,0.0
9960,251.0,254.0,255.0,1.5,1.6,1.7,10.5,84.4,951.9,59.46,55100.0,0.0
10019,251.0,254.0,257.0,1.3,1.5,1.6,10.7,84.3,951.9,59.46,55100.0,0.0
10079,251.0,253.0,256.0,1.4,1.4,1.5,10.7,84.3,951.9,59.46,55100.0,0.0
10139,257.0,257.0,257.0,1.6,1.6,1.6,10.8,84.2,952.0,59.46,55100.0,0.0
10199,254.0,255.0,255.0,1.6,1.6,1.6,10.8,84.2,952.0,59.46,55100.0,0.0
10259,254.0,256.0,257.0,1.6,1.6,1.7,10.7,84.3,951.9,59.46,55100.0,0.0
10319,257.0,257.0,258.0,1.6,1.6,1.6,10.8,84.3,952.0,59.46,55100.0,0.0
10379,259.0,261.0,263.0,1.4,1.4,1.5,10.8,84.6,952.0,59.46,55100.0,0.0
10439,265.0,266.0,266.0,1.2,1.3,1.3,10.8,84.7,952.0,59.46,55100.0,0.0
10499,270.0,271.0,272.0,1.2,1.3,1.3,10.8,84.9,952.0,59.46,55100.0,0.0
10559,276.0,278.0,285.0,1.1,1.3,1.4,10.9,85.0,952.1,59.46,55100.0,0.0
10619,280.0,283.0,287.0,1.4,1.5,1.5,10.8,85.0,952.0,59.46,55100.0,0.0
10679,282.0,286.0,294.0,1.4,1.6,1.7,10.8,85.0,952.0,59.46,55100.0,0.0
10739,287.0,291.0,293.0,1.5,1.7,1.9,10.8,85.0,952.0,59.46,55100.0,0.0
10799,291.0,294.0,296.0,1.8,1.9,2.0,10.8,85.0,952.0,59.46,55100.0,0.0
10859,284.0,289.0,295.0,1.9,2.1,2.2,10.8,84.9,952.0,59.46,55100.0,0.0
10919,291.0,296.0,303.0,2.4,2.5,2.5,10.8,84.9,952.1,59.46,55100.0,0.0
10979,291.0,295.0,298.0,2.4,2.7,2.8,10.5,85.0,952.0,59.46,55100.0,0.0
11039,284.0,291.0,295.0,2.5,2.7,2.9,10.7,85.1,952.0,59.46,55100.0,0.0
11099,290.0,292.0,293.0,2.6,2.7,2.7,10.7,84.9,952.0,59.46,55100.0,0.0
11159,284.0,290.0,300.0,2.3,2.6,3.0,10.3,85.1,952.0,59.46,55100.0,0.0
11219,291.0,294.0,298.0,2.1,2.3,2.4,10.6,85.4,952.0,59.46,55100.0,0.0
11279,302.0,304.0,307.0,2.2,2.3,2.4,10.4,85.4,951.9,59.46,55100.0,0.0
11339,311.0,316.0,323.0,1.8,1.9,2.0,10.5,85.4,952.0,59.46,55100.0,0.0
11399,308.0,313.0,319.0,1.7,1.9,2.1,10.5,85.4,952.0,59.46,55100.0,0.0
11459,311.0,319.0,328.0,1.6,1.9,2.1,10.5,85.5,952.0,59.46,55100.0,0.0
11519,303.0,314.0,327.0,1.4,1.6,1.6,10.2,85.9,951.8,59.46,55100.0,0.0
11579,314.0,320.0,325.0,1.5,1.7,1.8,10.3,85.9,951.9,59.46,55100.0,0.0
11639,304.0,313.0,318.0,1.8,1.9,2.0,10.4,85.9,952.0,59.46,55100.0,0.0
11699,307.0,313.0,320.0,1.0,1.1,1.3,10.5,86.0,952.0,59.46,55100.0,0.0
11759,323.0,325.0,328.0,1.4,1.5,1.5,10.3,86.0,951.9,59.46,55100.0,0.0
11819,304.0,313.0,321.0,1.2,1.3,1.4,10.3,86.1,951.9,59.46,55100.0,0.0
11879,315.0,318.0,324.0,1.2,1.4,1.5,10.3,86.3,951.9,59.46,55100.0,0.0
11939,314.0,318.0,322.0,0.9,1.1,1.3,10.5,86.3,952.0,59.46,55100.0,0.0
11999,301.0,310.0,317.0,0.9,1.0,1.1,10.4,86.3,951.8,59.46,55100.0,0.0
12059,320.0,326.0,332.0,1.1,1.2,1.3,10.5,86.3,951.9,59.46,55100.0,0.0
12119,308.0,324.0,338.0,1.1,1.2,1.3,10.5,86.6,951.9,59.46,55100.0,0.0
12179,317.0,321.0,324.0,1.3,1.3,1.4,10.4,86.8,951.8,59.46,55100.0,0.0
12239,303.0,315.0,326.0,0.9,1.1,1.2,10.5,86.9,951.9,59.46,55100.0,0.0
12299,317.0,326.0,335.0,1.0,1.2,1.3,10.5,86.9,951.9,59.46,55100.0,0.0
12359,324.0,329.0,335.0,0.9,1.0,1.0,10.4,87.0,951.8,59.46,55100.0,0.0
12419,315.0,329.0,339.0,0.8,0.9,1.0,10.5,87.0,951.8,59.46,55100.0,0.0
12479,6.0,349.0,340.0,0.7,0.9,1.1,10.4,87.0,951.8,59.46,55100.0,0.0
12539,329.0,337.0,343.0,0.9,1.1,1.4,10.4,87.0,951.8,59.46,55100.0,0.0
12599,324.0,337.0,346.0,1.0,1.1,1.3,10.5,87.1,951.9,59.46,55100.0,0.0
12659,314.0,328.0,334.0,1.0,1.1,1.3,10.4,87.2,951.7,59.46,55100.0,0.0
12719,307.0,316.0,326.0,0.7,0.8,0.9,10.4,87.2,951.7,59.46,55100.0,0.0
12779,319.0,323.0,326.0,1.2,1.2,1.4,10.5,87.4,951.8,59.46,55100.0,0.0
12839,309.0,316.0,323.0,0.8,0.9,1.1,10.4,87.5,951.7,59.46,55100.0,0.0
12899,286.0,305.0,321.0,0.6,0.9,1.3,10.5,87.6,951.9,59.46,55100.0,0.0
12959,268.0,284.0,310.0,0.3,0.6,0.8,10.5,87.6,951.7,59.46,55100.0,0.0
13019,262.0,276.0,283.0,0.2,0.7,0.8,10.5,87.6,951.7,59.46,55100.0,0.0
13079,268.0,287.0,317.0,0.3,0.4,0.6,10.6,87.6,951.8,59.46,55100.0,0.0
13139,286.0,307.0,320.0,0.2,0.3,0.5,10.6,87.6,951.8,59.46,55100.0,0.0
13199,325.0,331.0,344.0,0.9,1.0,1.2,10.6,87.6,951.8,59.46,55100.0,0.0
13259,323.0,326.0,330.0,1.0,1.1,1.2,10.6,87.6,951.8,59.46,55100.0,0.0
13319,11.0,3.0,357.0,1.1,1.3,1.4,10.6,87.7,951.8,59.46,55100.0,0.0
13379,10.0,3.0,0.0,1.2,1.3,1.4,10.6,87.7,951.8,59.46,55100.0,0.0
13439,4.0,2.0,357.0,1.0,1.1,1.2,10.5,87.6,951.6,59.46,55100.0,0.0
13499,350.0,353.0,355.0,1.2,1.3,1.4,10.6,87.6,951.7,59.46,55100.0,0.0
13559,341.0,350.0,356.0,1.5,1.6,1.7,10.5,87.7,951.6,59.46,55100.0,0.0
13619,342.0,348.0,353.0,1.3,1.4,1.5,10.6,87.7,951.7,59.46,55100.0,0.0
13679,4.0,0.0,0.0,1.2,1.3,1.3,10.6,87.6,951.7,59.46,55100.0,0.0
13739,1.0,355.0,344.0,1.2,1.3,1.4,10.4,87.7,951.6,59.46,55100.0,0.0
13799,2.0,357.0,352.0,1.7,1.8,2.0,10.6,87.7,951.7,59.46,55100.0,0.0
13859,4.0,1.0,356.0,1.6,1.7,1.8,10.6,87.8,951.7,59.46,55100.0,0.0
13919,2.0,5.0,10.0,1.8,1.9,2.0,10.5,87.8,951.7,59.46,55100.0,0.0
13979,10.0,4.0,358.0,1.7,1.8,1.9,10.5,87.9,951.7,59.46,55100.0,0.0
14039,8.0,4.0,0.0,1.5,1.6,1.7,10.5,87.9,951.7,59.46,55100.0,0.0
14099,0.0,5.0,11.0,1.4,1.6,1.7,10.5,87.9,951.7,59.46,55100.0,0.0
14159,353.0,357.0,0.0,1.4,1.5,1.6,10.5,87.9,951.7,59.46,55100.0,0.0
14219,4.0,1.0,0.0,1.3,1.4,1.4,10.4,87.9,951.6,59.46,55100.0,0.0
14279,334.0,348.0,353.0,1.1,1.2,1.2,10.3,87.9,951.6,59.46,55100.0,0.0
14339,337.0,345.0,350.0,1.2,1.3,1.4,10.3,88.0,951.6,59.46,55100.0,0.0
14399,332.0,334.0,337.0,1.1,1.2,1.3,10.4,88.1,951.7,59.46,55100.0,0.0
14459,330.0,335.0,337.0,1.1,1.2,1.3,10.5,88.2,951.7,59.46,55100.0,0.0
14519,322.0,325.0,330.0,0.9,1.0,1.1,10.4,88.3,951.6,59.46,55100.0,0.0
14579,311.0,316.0,326.0,1.2,1.3,1.3,10.4,88.3,951.6,59.46,55100.0,0.0
14639,303.0,310.0,314.0,1.0,1.0,1.1,10.5,88.3,951.7,59.46,55100.0,0.0
14699,281.0,295.0,305.0,1.1,1.3,1.4,10.6,88.4,951.7,59.46,55100.0,0.0
14759,292.0,298.0,304.0,1.3,1.4,1.5,10.5,88.3,951.6,59.46,55100.0,0.0
14819,303.0,307.0,310.0,1.5,1.6,1.7,10.5,88.4,951.7,59.46,55100.0,0.0
14879,304.0,307.0,310.0,1.4,1.5,1.6,10.6,88.4,951.7,59.46,55100.0,0.0
14939,306.0,311.0,316.0,1.4,1.4,1.5,10.6,88.4,951.6,59.46,55100.0,0.0
14999,301.0,306.0,311.0,1.3,1.4,1.5,10.6,88.4,951.7,59.46,55100.0,0.0
15059,303.0,306.0,310.0,1.2,1.3,1.4,10.5,88.4,951.5,59.46,55100.0,0.0
15119,304.0,304.0,307.0,1.1,1.2,1.2,10.6,88.4,951.6,59.46,55100.0,0.0
15179,315.0,325.0,334.0,0.7,0.9,1.0,10.6,88.5,951.6,59.46,55100.0,0.0
15239,289.0,293.0,302.0,0.9,1.0,1.1,10.5,88.4,951.5,59.46,55100.0,0.0
15299,233.0,240.0,253.0,0.9,1.1,1.5,10.6,88.4,951.6,59.46,55100.0,0.0
15359,223.0,240.0,255.0,1.2,1.6,1.8,10.6,88.4,951.7,59.46,55100.0,0.0
15419,215.0,232.0,240.0,1.8,2.0,2.3,10.6,88.1,951.6,59.46,55100.0,0.0
15479,230.0,234.0,239.0,2.0,2.1,2.3,10.5,87.9,951.7,59.46,55100.0,0.0
15539,227.0,235.0,245.0,1.3,1.5,1.7,10.4,87.9,951.6,59.46,55100.0,0.0
15599,213.0,225.0,239.0,1.2,1.4,1.7,10.3,88.0,951.6,59.46,55100.0,0.0
15659,222.0,229.0,242.0,1.2,1.4,1.6,10.4,88.1,951.6,59.46,55100.0,0.0
15719,223.0,229.0,232.0,1.5,1.6,1.8,10.4,88.1,951.7,59.46,55100.0,0.0
15779,232.0,235.0,238.0,1.5,1.6,1.7,10.4,88.1,951.6,59.46,55100.0,0.0
15839,245.0,246.0,246.0,1.4,1.5,1.5,10.3,88.2,951.6,59.46,55100.0,0.0
15899,232.0,239.0,243.0,0.9,1.2,1.3,10.3,88.3,951.6,59.46,55100.0,0.0
15959,224.0,229.0,233.0,1.3,1.4,1.5,10.5,88.3,951.7,59.46,55100.0,0.0
16019,213.0,225.0,237.0,1.1,1.2,1.4,10.5,88.2,951.7,59.46,55100.0,0.0
16079,229.0,239.0,250.0,1.4,1.5,1.7,10.5,88.2,951.7,59.46,55100.0,0.0
16139,220.0,231.0,238.0,1.5,1.7,1.9,10.4,88.2,951.6,59.46,55100.0,0.0
16199,230.0,240.0,250.0,1.2,1.3,1.5,10.4,88.2,951.5,59.46,55100.0,0.0
16259,244.0,253.0,262.0,2.0,2.2,2.4,10.4,88.3,951.6,59.46,55100.0,0.0
16319,239.0,255.0,262.0,1.6,2.2,2.4,10.5,88.5,951.6,59.46,55100.0,0.0
16379,247.0,256.0,267.0,1.0,2.0,2.4,10.5,88.5,951.6,59.46,55100.0,0.0
16439,231.0,241.0,249.0,1.8,2.0,2.2,10.5,88.5,951.6,59.46,55100.0,0.0
16499,231.0,245.0,251.0,1.7,2.1,2.4,10.5,88.5,951.6,59.46,55100.0,0.0
16559,252.0,259.0,265.0,1.6,1.8,1.9,10.5,88.5,951.6,59.46,55100.0,0.0
16619,250.0,258.0,261.0,2.5,2.6,2.7,10.5,88.5,951.6,59.46,55100.0,0.0
16679,251.0,261.0,267.0,1.3,1.7,2.0,10.5,88.4,951.6,59.46,55100.0,0.0
16739,263.0,265.0,266.0,2.2,2.5,2.6,10.5,88.4,951.5,59.46,55100.0,0.0
16799,254.0,259.0,265.0,1.7,1.9,2.1,10.4,88.4,951.5,59.46,55100.0,0.0
16859,239.0,258.0,275.0,0.7,1.1,1.3,10.2,88.4,951.5,59.46,55100.0,0.0
16919,256.0,264.0,273.0,1.5,1.7,1.9,10.5,88.4,951.6,59.46,55100.0,0.0
16979,257.0,268.0,274.0,1.2,1.5,1.8,10.5,88.3,951.5,59.46,55100.0,0.0
17039,273.0,279.0,281.0,1.4,1.6,1.8,10.5,88.3,951.5,59.46,55100.0,0.0
17099,256.0,262.0,269.0,1.1,1.6,2.0,10.3,88.3,951.4,59.46,55100.0,0.0
17159,243.0,260.0,273.0,1.3,1.5,1.6,10.2,88.3,951.4,59.46,55100.0,0.0
17219,262.0,271.0,274.0,2.1,2.2,2.4,10.2,88.3,951.4,59.46,55100.0,0.0
17279,249.0,257.0,264.0,2.2,2.4,2.6,10.4,88.3,951.4,59.46,55100.0,0.0
17339,253.0,263.0,271.0,1.2,1.9,2.2,10.4,88.3,951.5,59.46,55100.0,0.0
17399,257.0,265.0,271.0,1.7,2.2,2.8,10.1,88.3,951.4,59.46,55100.0,0.0
17459,248.0,257.0,267.0,2.0,2.2,2.4,10.2,88.3,951.4,59.46,55100.0,0.0
17519,265.0,272.0,279.0,1.6,1.9,2.3,10.3,88.3,951.4,59.46,55100.0,0.0
17579,273.0,276.0,285.0,1.5,1.7,1.9,10.4,88.3,951.5,59.46,55100.0,0.0
17639,265.0,276.0,289.0,1.1,1.5,1.9,10.4,88.3,951.5,59.46,55100.0,0.0
17699,279.0,284.0,288.0,2.0,2.1,2.4,10.1,88.3,951.4,59.46,55100.0,0.0
17759,278.0,284.0,292.0,1.8,1.9,2.2,10.4,88.3,951.5,59.46,55100.0,0.0
17819,285.0,293.0,300.0,2.0,2.2,2.3,10.4,88.3,951.5,59.46,55100.0,0.0
17879,285.0,293.0,300.0,1.5,1.9,2.1,10.2,88.3,951.4,59.46,55100.0,0.0
17939,282.0,288.0,294.0,1.6,1.8,2.0,10.2,88.4,951.4,59.46,55100.0,0.0
17999,266.0,276.0,283.0,2.2,2.5,2.9,10.3,88.3,951.5,59.46,55100.0,0.0
18059,230.0,239.0,253.0,1.1,1.4,1.7,10.3,88.2,951.6,59.46,55100.0,0.0
18119,238.0,253.0,259.0,1.3,1.7,2.0,10.3,88.3,951.5,59.46,55100.0,0.0
18179,262.0,271.0,279.0,0.6,1.2,1.4,10.2,88.3,951.4,59.46,55100.0,0.0
18239,258.0,271.0,278.0,1.2,1.4,1.5,10.3,88.3,951.4,59.46,55100.0,0.0
18299,259.0,267.0,272.0,1.2,1.5,1.7,10.2,88.3,951.4,59.46,55100.0,0.0
18359,263.0,270.0,280.0,1.2,1.4,1.6,10.3,88.3,951.5,59.46,55100.0,0.0
18419,270.0,275.0,280.0,1.0,1.2,1.4,10.1,88.3,951.4,59.46,55100.0,0.0
18479,270.0,275.0,281.0,0.9,1.0,1.1,10.3,88.3,951.5,59.46,55100.0,0.0
18539,270.0,272.0,276.0,1.7,1.9,2.1,10.3,88.2,951.5,59.46,55100.0,0.0
18599,263.0,267.0,270.0,1.4,1.7,2.0,10.3,88.2,951.5,59.46,55100.0,0.0
18659,281.0,287.0,300.0,1.1,1.9,2.3,10.3,88.2,951.5,59.46,55100.0,0.0
18719,257.0,263.0,270.0,1.9,2.2,2.4,10.2,88.2,951.4,59.46,55100.0,0.0
18779,259.0,263.0,270.0,1.7,1.9,2.1,10.1,88.2,951.5,59.46,55100.0,0.0
18839,249.0,261.0,266.0,1.2,1.6,1.9,10.2,88.2,951.5,59.46,55100.0,0.0
18899,243.0,248.0,254.0,1.4,1.6,1.9,10.3,88.3,951.5,59.46,55100.0,0.0
18959,234.0,244.0,257.0,1.1,1.3,1.6,10.3,88.4,951.6,59.46,55100.0,0.0
19019,250.0,254.0,260.0,1.2,1.3,1.4,10.3,88.4,951.6,59.46,55100.0,0.0
19079,244.0,250.0,255.0,1.1,1.2,1.4,10.3,88.4,951.5,59.46,55100.0,0.0
19139,225.0,238.0,244.0,0.8,1.1,1.2,10.2,88.4,951.5,59.46,55100.0,0.0
19199,245.0,255.0,261.0,1.1,1.2,1.3,10.3,88.4,951.6,59.46,55100.0,0.0
19259,250.0,261.0,270.0,0.7,1.1,1.3,10.3,88.3,951.6,59.46,55100.0,0.0
19319,259.0,273.0,283.0,0.7,1.0,1.2,10.4,88.3,951.6,59.46,55100.0,0.0
19379,263.0,267.0,270.0,1.1,1.3,1.6,10.3,88.3,951.6,59.46,55100.0,0.0
19439,270.0,277.0,286.0,1.2,1.4,1.6,10.0,88.2,951.5,59.46,55100.0,0.0
19499,271.0,277.0,284.0,1.5,1.8,1.9,10.3,88.1,951.7,59.46,55100.0,0.0
19559,270.0,275.0,281.0,2.3,2.8,2.9,10.3,88.1,951.7,59.46,55100.0,0.0
19619,274.0,280.0,290.0,2.2,2.7,3.1,10.2,88.1,951.6,59.46,55110.0,0.0
19679,273.0,276.0,279.0,2.8,3.2,3.4,10.1,88.1,951.6,59.46,55110.0,0.0
19739,271.0,277.0,280.0,2.3,3.0,3.3,10.3,88.1,951.7,59.46,55110.0,0.0
19799,266.0,269.0,276.0,1.7,3.1,3.8,10.0,88.1,951.6,59.46,55110.0,0.0
19859,261.0,270.0,282.0,2.2,3.5,4.2,10.0,88.1,951.6,59.46,55110.0,0.0
19919,264.0,270.0,275.0,1.6,3.5,4.0,10.0,88.2,951.6,59.46,55110.0,0.0
19979,265.0,276.0,282.0,1.8,3.5,4.4,10.0,88.3,951.6,59.46,55110.0,0.0
20039,269.0,274.0,277.0,3.1,4.5,5.0,10.0,88.4,951.6,59.46,55110.0,0.0
20099,258.0,268.0,280.0,1.2,3.1,3.9,9.9,88.1,951.7,59.46,55110.0,0.0
20159,267.0,275.0,283.0,4.6,5.4,5.9,10.0,88.6,951.5,59.46,55110.0,0.0
20219,254.0,266.0,271.0,2.6,4.2,4.6,9.9,88.8,951.6,59.46,55110.0,0.0
20279,267.0,276.0,287.0,2.7,4.2,5.0,9.9,88.8,951.5,59.46,55110.0,0.0
20339,266.0,276.0,286.0,4.3,4.7,5.1,10.1,88.4,951.6,59.46,55110.0,0.0
20399,276.0,282.0,286.0,3.7,4.3,4.8,9.9,88.5,951.6,59.46,55110.0,0.0
20459,268.0,283.0,295.0,3.2,3.9,4.4,9.9,88.8,951.6,59.46,55110.0,0.0
20519,273.0,280.0,287.0,4.1,5.2,6.1,10.1,88.1,951.6,59.46,55110.0,0.0
20579,269.0,278.0,285.0,3.0,4.5,5.1,10.0,89.2,951.6,59.46,55110.0,0.0
20639,274.0,278.0,281.0,5.7,6.1,6.5,9.9,88.7,951.5,59.46,55110.0,0.0
20699,259.0,272.0,284.0,1.2,3.4,4.4,10.1,88.3,951.7,59.46,55110.0,0.0
20759,273.0,277.0,282.0,4.9,5.4,5.9,10.0,89.2,951.5,59.46,55110.0,0.0
20819,256.0,271.0,284.0,1.7,3.4,4.0,10.0,88.6,951.6,59.46,55110.0,0.0
20879,250.0,264.0,271.0,1.8,4.3,5.1,10.2,88.1,951.7,59.46,55110.0,0.0
20939,266.0,273.0,280.0,1.6,3.8,4.4,10.1,88.9,951.6,59.46,55110.0,0.0
20999,266.0,280.0,286.0,2.5,3.8,4.3,10.0,88.2,951.7,59.46,55110.0,0.0
21059,273.0,282.0,290.0,2.3,3.9,4.5,10.3,87.8,951.8,59.46,55110.0,0.0
21119,272.0,276.0,281.0,4.0,4.6,5.1,10.1,88.7,951.6,59.46,55110.0,0.0
21179,263.0,274.0,282.0,2.1,4.1,4.6,10.1,88.1,951.6,59.46,55110.0,0.0
21239,264.0,275.0,281.0,2.8,4.0,4.9,10.2,87.8,951.7,59.46,55110.0,0.0
21299,279.0,283.0,290.0,4.5,4.9,5.3,10.2,88.5,951.6,59.46,55110.0,0.0
21359,279.0,281.0,288.0,3.9,4.6,5.0,10.1,88.5,951.7,59.46,55110.0,0.0
21419,270.0,280.0,289.0,1.5,3.2,4.2,10.1,88.1,951.7,59.46,55110.0,0.0
21479,265.0,271.0,277.0,1.4,2.9,3.7,10.1,88.6,951.7,59.46,55110.0,0.0
21539,275.0,280.0,285.0,3.9,4.1,4.3,10.2,88.6,951.7,59.46,55110.0,0.0
21599,276.0,282.0,285.0,2.4,2.8,3.3,10.1,88.2,951.8,59.46,55110.0,0.0
21659,268.0,279.0,284.0,1.5,2.7,3.3,10.2,88.7,951.8,59.46,55110.0,0.0
21719,280.0,285.0,295.0,3.5,3.8,4.1,10.2,88.6,951.7,59.46,55110.0,0.0
21779,270.0,277.0,285.0,2.5,3.7,4.2,10.1,88.2,951.7,59.46,55110.0,0.0
21839,277.0,283.0,290.0,3.2,3.4,3.9,10.2,88.5,951.7,59.46,55110.0,0.0
21899,285.0,290.0,294.0,3.6,4.1,4.3,10.2,88.5,951.7,59.46,55110.0,0.0
21959,281.0,288.0,297.0,3.4,3.8,4.2,10.1,88.2,951.7,59.46,55110.0,0.0
22019,247.0,272.0,296.0,0.5,3.0,4.0,10.1,88.6,951.7,59.46,55110.0,0.0
22079,254.0,274.0,299.0,1.0,2.8,3.8,10.1,88.4,951.7,59.46,55110.0,0.0
22139,281.0,286.0,292.0,2.6,3.0,3.4,10.2,88.2,951.8,59.46,55110.0,0.0
22199,279.0,290.0,298.0,3.0,3.6,3.9,10.1,88.6,951.7,59.46,55110.0,0.0
22259,279.0,286.0,293.0,2.4,3.0,3.8,10.0,88.3,951.8,59.46,55110.0,0.0
22319,280.0,284.0,290.0,2.6,3.0,3.2,10.2,88.4,951.8,59.46,55110.0,0.0
22379,274.0,280.0,287.0,2.3,2.7,3.1,10.1,88.6,951.7,59.46,55110.0,0.0
22439,280.0,287.0,290.0,2.9,3.0,3.2,10.1,88.4,951.7,59.46,55110.0,0.0
22499,285.0,290.0,297.0,2.6,2.9,3.2,10.1,88.5,951.7,59.46,55110.0,0.0
22559,272.0,277.0,284.0,2.1,2.5,2.6,10.1,88.3,951.7,59.46,55110.0,0.0
22619,265.0,270.0,274.0,2.0,2.4,2.8,10.2,88.2,951.8,59.46,55110.0,0.0
22679,266.0,274.0,285.0,2.0,2.2,2.5,10.0,88.4,951.7,59.46,55110.0,0.0
22739,277.0,283.0,293.0,1.4,1.7,2.0,10.0,88.3,951.8,59.46,55110.0,0.0
22799,277.0,287.0,294.0,1.5,1.7,1.8,10.1,88.5,951.7,59.46,55110.0,0.0
22859,258.0,269.0,278.0,1.4,1.7,1.9,10.0,88.4,951.8,59.46,55110.0,0.0
22919,273.0,286.0,299.0,1.6,1.8,2.0,10.1,88.5,951.7,59.46,55110.0,0.0
22980,292.0,298.0,303.0,1.9,2.1,2.3,10.1,88.4,951.7,59.46,55110.0,0.0
30359,273.0,277.0,280.0,3.2,3.5,3.7,9.9,88.0,951.9,59.47,55150.0,0.0
30419,272.0,278.0,285.0,3.1,3.4,3.8,9.9,88.0,951.9,59.47,55150.0,0.0
30479,266.0,268.0,276.0,2.6,3.5,4.0,10.0,88.7,951.9,59.47,55150.0,0.0
30539,263.0,274.0,280.0,2.0,3.4,3.7,10.0,88.7,951.9,59.47,55150.0,0.0
30599,273.0,278.0,285.0,1.5,2.8,3.1,9.9,88.2,951.9,59.47,55150.0,0.0
30659,270.0,278.0,284.0,2.3,3.6,4.3,10.0,88.8,951.8,59.47,55150.0,0.0
30719,274.0,279.0,288.0,2.9,3.4,3.8,10.0,88.7,951.8,59.47,55150.0,0.0
30779,272.0,277.0,283.0,3.7,3.8,4.0,9.9,88.2,951.8,59.47,55150.0,0.0
30839,279.0,283.0,289.0,3.6,4.2,4.9,10.0,88.7,951.8,59.47,55150.0,0.0
30899,282.0,291.0,302.0,3.7,4.1,4.9,10.0,88.7,951.8,59.47,55150.0,0.0
30959,277.0,287.0,298.0,2.9,3.4,3.8,9.9,88.4,951.8,59.47,55150.0,0.0
31019,273.0,280.0,292.0,2.1,2.9,3.3,10.0,88.9,951.8,59.47,55150.0,0.0
31079,281.0,293.0,300.0,3.2,3.6,3.9,10.1,88.9,951.8,59.47,55150.0,0.0
31139,293.0,302.0,308.0,3.0,3.4,3.8,10.3,88.7,952.0,59.47,55150.0,0.0
31199,289.0,296.0,306.0,2.8,3.0,3.4,10.1,88.6,951.9,59.47,55150.0,0.0
31259,280.0,285.0,289.0,4.1,4.6,5.0,9.7,88.3,951.8,59.47,55150.0,0.0
31319,280.0,286.0,290.0,3.7,4.3,5.1,10.0,88.1,951.8,59.47,55150.0,0.0
31379,273.0,277.0,281.0,3.4,4.0,4.7,10.0,88.8,951.8,59.47,55150.0,0.0
31440,278.0,286.0,302.0,1.2,3.0,4.1,10.1,88.9,951.9,59.47,55150.0,0.0
31499,272.0,283.0,295.0,1.6,3.3,4.2,10.1,88.8,951.8,59.47,55150.0,0.0
31559,274.0,285.0,295.0,3.1,3.6,4.1,10.2,88.7,951.8,59.47,55150.0,0.0
31619,279.0,293.0,308.0,3.0,3.7,4.7,10.1,88.6,951.8,59.47,55150.0,0.0
31679,274.0,278.0,286.0,4.4,4.7,5.0,10.0,88.2,951.8,59.47,55150.0,0.0
31739,273.0,281.0,292.0,2.7,3.1,3.5,10.0,88.6,951.9,59.47,55150.0,0.0
31799,270.0,273.0,275.0,2.6,3.5,4.0,10.4,88.2,951.9,59.47,55150.0,0.0
32040,276.0,284.0,297.0,2.9,3.5,4.0,9.9,88.4,951.9,59.47,55150.0,0.0
32099,279.0,284.0,288.0,3.8,4.2,4.5,10.0,88.9,951.9,59.47,55150.0,0.0
32159,285.0,290.0,296.0,2.1,2.7,3.5,10.0,88.5,951.9,59.47,55150.0,0.0
32219,265.0,274.0,284.0,2.0,3.8,4.4,10.2,88.6,951.9,59.47,55150.0,0.0
32279,264.0,280.0,301.0,0.9,3.1,4.0,10.1,88.9,951.9,59.47,55150.0,0.0
32339,266.0,273.0,281.0,1.6,3.1,3.9,10.0,88.3,951.9,59.47,55150.0,0.0
32400,265.0,275.0,331.0,0.7,3.6,4.3,10.0,88.2,951.9,59.47,55150.0,0.0
32459,256.0,261.0,270.0,2.0,2.9,3.4,10.0,88.7,951.9,59.47,55150.0,0.0
32519,276.0,284.0,296.0,2.1,3.1,3.7,9.6,88.4,951.9,59.47,55150.0,0.0
32579,254.0,270.0,279.0,1.3,2.3,2.8,10.0,88.6,951.9,59.47,55160.0,0.0
32639,264.0,269.0,278.0,2.4,2.9,3.2,10.2,88.3,952.0,59.47,55200.0,0.3
32699,257.0,272.0,277.0,1.1,2.6,3.2,9.9,88.2,952.0,59.47,55200.0,0.0
32759,280.0,287.0,291.0,2.0,2.3,2.6,9.9,88.6,952.0,59.48,55210.0,0.1
32819,254.0,259.0,264.0,3.3,3.7,4.3,10.1,88.3,952.0,59.48,55230.0,0.1
32879,232.0,248.0,262.0,2.0,3.7,4.7,9.9,88.7,952.0,59.48,55230.0,0.0
32939,244.0,252.0,258.0,4.3,4.7,5.3,9.7,88.7,951.8,59.48,55250.0,0.3
32999,264.0,275.0,279.0,2.8,4.3,5.4,10.2,88.2,952.0,59.48,55250.0,0.0
33059,255.0,268.0,283.0,1.4,3.8,5.6,9.9,88.7,952.0,59.48,55250.0,0.0
33119,244.0,252.0,262.0,3.9,4.3,4.8,9.9,88.8,952.0,59.5,55270.0,0.8
33179,245.0,252.0,261.0,6.0,7.0,8.1,10.0,88.9,951.9,59.51,55310.0,0.6
33239,268.0,279.0,288.0,3.6,4.3,5.9,9.9,88.8,951.9,59.52,55360.0,0.5
33299,245.0,255.0,263.0,5.2,6.4,7.7,10.1,88.4,951.9,59.52,55370.0,0.0
33359,254.0,264.0,270.0,4.7,5.5,6.0,9.8,88.7,951.9,59.56,55390.0,2.1
33419,246.0,255.0,261.0,5.9,6.9,7.8,10.1,88.6,952.0,59.56,55410.0,0.1
33479,225.0,250.0,265.0,4.4,5.6,6.5,9.9,88.9,951.9,59.56,55410.0,0.0
33539,236.0,249.0,258.0,4.8,5.5,6.3,9.9,89.0,952.0,59.56,55410.0,0.0
33599,250.0,255.0,264.0,5.1,6.2,7.4,9.9,88.4,951.9,59.56,55410.0,0.0
33659,234.0,245.0,258.0,5.0,6.0,6.8,10.0,89.4,952.0,59.56,55410.0,0.0
33719,224.0,244.0,257.0,4.7,5.4,6.2,9.9,88.7,952.0,59.56,55410.0,0.0
33779,249.0,254.0,259.0,5.6,6.4,7.1,10.2,88.5,952.0,59.56,55410.0,0.0
33839,243.0,251.0,255.0,5.0,6.7,7.3,10.2,88.3,952.0,59.56,55410.0,0.0
33899,246.0,251.0,259.0,5.2,5.9,7.4,9.9,88.6,952.0,59.56,55410.0,0.0
33959,238.0,255.0,270.0,3.1,4.8,5.5,9.9,88.5,952.0,59.56,55410.0,0.0
34019,244.0,253.0,262.0,3.9,4.5,5.4,9.8,89.1,952.1,59.56,55410.0,0.0
34079,254.0,259.0,262.0,5.0,5.6,6.2,10.0,88.4,952.1,59.56,55410.0,0.0
34139,246.0,261.0,269.0,0.5,4.3,5.7,10.0,88.8,952.1,59.56,55410.0,0.0
34199,254.0,265.0,278.0,1.2,3.3,4.5,9.8,89.4,952.1,59.56,55410.0,0.0
34259,232.0,246.0,258.0,3.1,4.3,5.7,10.2,89.4,952.1,59.56,55410.0,0.0
34319,252.0,259.0,266.0,4.3,5.2,6.5,10.1,88.7,952.1,59.56,55410.0,0.0
34379,254.0,257.0,264.0,5.8,6.6,7.1,10.1,88.4,952.0,59.56,55410.0,0.0
34439,244.0,257.0,269.0,4.3,5.7,6.8,10.2,88.1,952.0,59.56,55410.0,0.0
34499,252.0,260.0,264.0,5.7,7.6,8.2,10.1,89.3,952.0,59.56,55410.0,0.0
34559,245.0,251.0,262.0,4.6,5.8,6.7,10.0,88.6,951.9,59.56,55410.0,0.0
34619,252.0,258.0,261.0,6.3,6.7,7.4,10.0,88.6,952.0,59.56,55410.0,0.0
34679,236.0,242.0,249.0,5.4,6.2,7.6,10.1,89.2,952.0,59.56,55410.0,0.0
34739,241.0,250.0,260.0,5.2,5.9,6.7,10.2,88.3,952.1,59.56,55410.0,0.0
34799,249.0,259.0,272.0,3.8,7.1,8.5,10.0,88.7,951.9,59.56,55410.0,0.0
34859,249.0,258.0,273.0,4.5,5.7,6.9,10.1,89.1,951.9,59.56,55410.0,0.0
34919,266.0,274.0,282.0,2.1,4.0,5.3,10.1,89.1,952.1,59.56,55410.0,0.0
34979,264.0,272.0,280.0,2.9,4.5,5.6,10.1,88.6,952.1,59.56,55410.0,0.0
35039,260.0,268.0,276.0,3.5,5.3,6.1,10.1,88.5,952.0,59.56,55410.0,0.0
35099,239.0,251.0,265.0,3.9,5.0,6.2,10.2,88.6,952.0,59.56,55410.0,0.0
35159,261.0,277.0,287.0,0.9,4.3,5.9,10.1,88.6,952.0,59.56,55410.0,0.0
35219,251.0,257.0,262.0,5.6,6.2,6.8,10.2,89.1,952.0,59.56,55410.0,0.0
35279,241.0,263.0,277.0,1.3,4.3,5.2,10.2,89.2,952.1,59.56,55410.0,0.0
35339,260.0,268.0,276.0,2.5,5.5,6.7,10.1,88.6,952.0,59.56,55410.0,0.0
35399,256.0,271.0,283.0,3.8,4.3,5.0,10.2,89.0,952.1,59.56,55410.0,0.0
35459,277.0,284.0,299.0,4.4,5.1,5.7,10.2,89.0,952.0,59.56,55410.0,0.0
35519,250.0,261.0,273.0,2.2,3.7,4.8,10.1,88.8,952.0,59.56,55410.0,0.0
35579,256.0,268.0,275.0,3.8,6.1,7.8,10.3,89.0,951.9,59.56,55410.0,0.0
35639,258.0,267.0,277.0,4.3,6.3,7.4,10.2,88.6,951.9,59.56,55410.0,0.0
35699,263.0,270.0,279.0,3.7,5.5,6.5,10.0,88.4,951.9,59.56,55410.0,0.0
35759,270.0,276.0,283.0,5.9,6.4,7.0,10.0,88.6,951.9,59.56,55410.0,0.0
35819,260.0,273.0,290.0,2.2,4.9,6.2,10.1,89.0,951.9,59.56,55410.0,0.0
35879,264.0,269.0,278.0,4.4,5.5,6.1,10.1,88.9,951.9,59.56,55410.0,0.0
35939,258.0,272.0,290.0,1.6,3.6,4.3,10.1,88.9,952.0,59.56,55410.0,0.0
35999,267.0,275.0,284.0,4.4,5.5,6.9,10.3,89.0,951.9,59.56,55410.0,0.0
36059,262.0,269.0,273.0,4.9,5.4,6.2,10.1,88.8,951.9,59.56,55410.0,0.0
36119,290.0,298.0,305.0,4.1,4.8,6.3,10.0,88.9,951.9,59.56,55410.0,0.0
36179,260.0,267.0,274.0,3.5,5.6,6.9,10.3,89.0,951.9,59.56,55410.0,0.0
36239,273.0,276.0,279.0,4.8,5.9,6.6,10.1,88.9,951.8,59.56,55410.0,0.0
36299,279.0,292.0,308.0,3.5,5.1,6.3,10.1,89.2,951.9,59.56,55410.0,0.0
36359,273.0,279.0,283.0,6.1,7.3,7.7,10.2,89.2,951.7,59.56,55410.0,0.0
36419,271.0,281.0,292.0,5.2,5.9,6.4,10.1,88.9,951.9,59.56,55410.0,0.0
36479,284.0,294.0,303.0,6.9,7.8,8.7,10.1,88.8,951.7,59.56,55410.0,0.0
36539,264.0,274.0,280.0,4.2,7.5,8.2,10.2,88.7,951.8,59.56,55410.0,0.0
36599,269.0,276.0,284.0,4.3,7.2,8.2,10.0,89.0,951.8,59.56,55410.0,0.0
36659,272.0,276.0,280.0,4.1,6.8,8.0,10.0,89.1,951.8,59.56,55410.0,0.0
36719,266.0,272.0,280.0,3.9,7.1,8.3,10.0,89.0,951.7,59.56,55410.0,0.0
36779,265.0,277.0,287.0,4.4,7.1,8.3,10.0,88.8,951.8,59.56,55410.0,0.0
36839,273.0,281.0,285.0,7.1,8.4,9.2,10.0,88.9,951.7,59.56,55410.0,0.0
36899,274.0,288.0,303.0,6.3,7.2,7.8,9.9,89.0,951.7,59.56,55410.0,0.0
36959,282.0,289.0,295.0,6.0,6.6,7.5,10.0,88.8,951.8,59.56,55410.0,0.0
37019,276.0,278.0,282.0,6.0,7.5,8.6,10.0,89.6,951.8,59.56,55410.0,0.0
37079,271.0,279.0,296.0,1.8,4.6,6.6,9.9,89.2,951.9,59.56,55410.0,0.0
37139,278.0,282.0,289.0,5.0,6.1,7.7,10.0,89.2,951.9,59.56,55410.0,0.0
37199,280.0,285.0,290.0,7.1,7.9,8.8,10.0,89.5,951.8,59.56,55410.0,0.0
37259,273.0,279.0,287.0,4.6,6.9,8.2,9.9,88.9,951.7,59.56,55410.0,0.0
37319,280.0,287.0,293.0,5.9,6.3,6.9,9.9,89.0,951.9,59.56,55410.0,0.0
37379,254.0,270.0,274.0,4.8,6.4,7.8,10.0,88.7,951.8,59.56,55410.0,0.0
37439,260.0,278.0,290.0,3.9,5.3,6.2,10.0,89.6,951.9,59.56,55410.0,0.0
37499,279.0,287.0,300.0,4.6,6.4,7.5,9.9,89.0,951.8,59.56,55410.0,0.0
37559,279.0,283.0,287.0,6.5,7.1,8.0,9.9,89.1,951.8,59.56,55410.0,0.0
37619,273.0,286.0,297.0,4.3,5.6,6.6,9.9,88.6,951.8,59.56,55410.0,0.0
37679,277.0,286.0,298.0,4.8,7.1,8.1,9.9,89.0,951.7,59.56,55410.0,0.0
37739,266.0,285.0,297.0,1.3,6.3,8.1,9.9,88.5,951.7,59.56,55410.0,0.0
37799,265.0,282.0,300.0,2.2,5.1,6.9,9.9,88.5,951.8,59.56,55410.0,0.0
37859,268.0,280.0,303.0,3.2,5.8,7.9,9.9,89.1,951.7,59.56,55410.0,0.0
37919,266.0,280.0,294.0,5.0,6.3,7.4,10.1,88.8,951.8,59.56,55410.0,0.0
37979,277.0,289.0,305.0,4.1,6.2,7.3,10.0,89.7,951.8,59.56,55410.0,0.0
38039,282.0,286.0,295.0,5.9,6.5,7.0,9.9,89.0,951.8,59.56,55410.0,0.0
38099,271.0,277.0,284.0,4.2,5.6,6.7,9.8,89.1,951.8,59.56,55410.0,0.0
38159,272.0,284.0,289.0,4.8,5.8,6.5,9.9,89.7,951.8,59.56,55410.0,0.0
38219,276.0,282.0,288.0,3.2,5.3,6.2,9.9,89.2,951.9,59.56,55410.0,0.0
38279,264.0,274.0,282.0,2.0,4.4,5.6,9.9,89.3,951.8,59.56,55410.0,0.0
38339,260.0,267.0,278.0,2.9,5.5,6.5,10.0,88.8,951.8,59.56,55410.0,0.0
38399,241.0,261.0,269.0,2.2,6.0,7.1,10.0,89.5,951.8,59.56,55410.0,0.0
38459,265.0,274.0,283.0,3.1,4.8,5.8,10.0,89.1,951.8,59.56,55410.0,0.0
38519,276.0,294.0,320.0,0.9,3.4,4.8,10.0,89.0,951.9,59.56,55410.0,0.0
38579,273.0,282.0,294.0,4.4,5.3,6.3,10.3,88.7,951.8,59.56,55410.0,0.0
38639,268.0,276.0,288.0,3.3,4.7,6.1,10.1,89.4,951.7,59.56,55410.0,0.0
38699,275.0,280.0,286.0,5.6,6.4,7.0,10.0,88.8,951.7,59.56,55410.0,0.0
38759,285.0,290.0,296.0,4.8,5.4,5.7,10.0,88.7,951.7,59.56,55410.0,0.0
38819,281.0,287.0,293.0,5.5,5.8,6.2,10.2,88.4,951.8,59.56,55410.0,0.0
38879,272.0,281.0,292.0,3.7,5.5,6.7,10.1,89.4,951.7,59.56,55410.0,0.0
38939,281.0,285.0,287.0,6.9,7.2,7.4,10.0,88.7,951.7,59.56,55410.0,0.0
38999,272.0,279.0,287.0,2.6,5.3,6.1,10.0,88.1,951.7,59.56,55410.0,0.0
39059,274.0,284.0,295.0,4.9,5.7,6.4,10.0,88.5,951.7,59.56,55410.0,0.0
39119,257.0,275.0,332.0,1.1,3.4,5.4,9.9,88.9,951.8,59.56,55410.0,0.0
39179,250.0,272.0,280.0,3.4,5.5,6.5,9.9,88.7,951.7,59.56,55410.0,0.0
39239,268.0,278.0,304.0,2.3,5.0,6.9,10.1,88.5,951.8,59.56,55410.0,0.0
39299,271.0,278.0,292.0,2.6,4.7,5.8,10.0,88.9,951.7,59.56,55410.0,0.0
39359,267.0,282.0,294.0,4.7,5.6,7.1,9.9,89.0,951.7,59.56,55410.0,0.0
39419,278.0,295.0,308.0,3.7,4.4,5.3,9.9,88.9,951.8,59.56,55410.0,0.0
39479,285.0,288.0,291.0,5.4,5.8,6.3,10.2,88.5,951.8,59.56,55410.0,0.0
39539,286.0,293.0,300.0,4.6,5.7,6.5,10.0,89.4,951.6,59.56,55410.0,0.0
39599,277.0,282.0,290.0,5.4,6.9,7.6,9.9,89.0,951.5,59.56,55410.0,0.0
39659,263.0,268.0,278.0,2.1,5.4,7.4,10.1,88.4,951.7,59.56,55410.0,0.0
39719,248.0,258.0,268.0,5.0,5.5,6.3,10.0,89.4,951.7,59.56,55410.0,0.0
39779,252.0,264.0,281.0,2.0,5.1,7.7,9.9,89.0,951.7,59.56,55410.0,0.0
39839,265.0,271.0,274.0,2.9,7.4,9.3,9.9,88.7,951.4,59.56,55410.0,0.0
39899,257.0,275.0,287.0,2.1,4.6,6.0,10.1,88.4,951.7,59.56,55410.0,0.0
39959,256.0,273.0,306.0,0.7,3.2,4.7,10.0,89.6,951.7,59.56,55410.0,0.0
40019,261.0,273.0,330.0,0.2,4.2,5.1,10.0,89.1,951.7,59.56,55410.0,0.0
40079,265.0,269.0,273.0,2.9,5.5,6.5,10.0,89.1,951.6,59.56,55410.0,0.0
40139,259.0,268.0,281.0,2.6,5.6,6.5,10.2,88.5,951.6,59.56,55410.0,0.0
40199,256.0,267.0,276.0,1.4,5.0,7.3,9.9,88.6,951.5,59.56,55410.0,0.0
40259,253.0,260.0,267.0,4.6,6.0,6.8,9.9,88.7,951.6,59.56,55410.0,0.0
40319,234.0,258.0,268.0,1.7,4.2,5.3,10.0,89.4,951.6,59.56,55410.0,0.0
40379,222.0,252.0,263.0,2.8,4.8,5.7,10.0,89.4,951.6,59.56,55410.0,0.0
40439,247.0,251.0,254.0,5.6,6.1,6.8,9.9,89.0,951.5,59.56,55410.0,0.0
40499,235.0,247.0,262.0,5.5,6.4,7.1,10.1,88.3,951.6,59.56,55410.0,0.0
40559,240.0,254.0,262.0,5.0,5.4,6.3,9.8,88.5,951.5,59.56,55410.0,0.0
40619,255.0,260.0,264.0,5.0,5.7,6.4,9.8,88.9,951.4,59.56,55410.0,0.0
40679,234.0,247.0,273.0,1.9,3.2,4.2,10.0,88.5,951.6,59.56,55410.0,0.0
40739,252.0,258.0,262.0,4.7,5.4,6.4,10.1,88.6,951.5,59.56,55410.0,0.0
40799,224.0,249.0,267.0,3.2,4.4,5.7,10.0,89.4,951.5,59.56,55410.0,0.0
40859,236.0,251.0,264.0,5.6,6.2,6.6,9.9,88.8,951.4,59.56,55410.0,0.0
40919,222.0,242.0,259.0,4.4,5.8,6.5,10.0,88.5,951.4,59.56,55410.0,0.0
40979,253.0,258.0,266.0,4.6,6.0,6.8,10.0,89.3,951.3,59.56,55410.0,0.0
41039,241.0,253.0,260.0,6.3,7.6,8.4,9.7,88.8,951.2,59.56,55410.0,0.0
41099,254.0,259.0,268.0,5.7,6.6,7.3,9.9,88.7,951.3,59.56,55410.0,0.0
41159,251.0,258.0,265.0,3.7,6.0,6.9,10.0,89.1,951.3,59.56,55410.0,0.0
41219,240.0,255.0,283.0,0.9,5.3,7.4,10.0,89.4,951.3,59.56,55410.0,0.0
41279,250.0,257.0,263.0,6.6,7.4,8.1,10.0,88.6,951.2,59.56,55410.0,0.0
41339,253.0,261.0,268.0,5.9,6.6,7.4,10.0,88.4,951.3,59.56,55410.0,0.0
41399,245.0,268.0,284.0,0.7,3.8,5.6,10.0,89.2,951.3,59.56,55410.0,0.0
41459,262.0,274.0,282.0,1.4,3.9,4.9,10.0,88.9,951.4,59.56,55410.0,0.0
41519,254.0,269.0,279.0,3.0,5.5,6.8,10.1,88.9,951.4,59.56,55410.0,0.0
41579,264.0,268.0,275.0,4.5,6.3,7.2,10.0,89.0,951.2,59.56,55410.0,0.0
41639,238.0,252.0,262.0,4.1,5.1,6.3,10.0,88.7,951.3,59.56,55410.0,0.0
41699,249.0,256.0,262.0,7.5,8.0,8.6,10.0,88.7,951.2,59.56,55410.0,0.0
41759,259.0,268.0,275.0,2.8,5.0,6.0,10.0,89.0,951.2,59.56,55410.0,0.0
41819,242.0,259.0,268.0,4.0,5.0,5.8,10.1,88.5,951.3,59.56,55410.0,0.0
41879,260.0,263.0,274.0,5.0,8.3,9.4,9.9,88.7,951.0,59.56,55410.0,0.0
41939,267.0,272.0,280.0,4.7,7.8,9.3,10.0,89.1,951.0,59.56,55410.0,0.0
41999,267.0,273.0,280.0,4.1,6.7,7.7,9.8,88.5,951.1,59.56,55410.0,0.0
42059,255.0,260.0,267.0,5.4,6.8,7.9,9.8,88.4,951.1,59.56,55410.0,0.0
42119,254.0,260.0,267.0,5.4,6.4,7.9,9.9,89.3,951.1,59.56,55410.0,0.0
42179,248.0,264.0,280.0,1.9,5.8,7.8,9.9,88.8,951.0,59.56,55410.0,0.0
42239,250.0,259.0,264.0,5.4,6.7,7.3,9.8,88.7,951.0,59.56,55410.0,0.0
42299,239.0,254.0,265.0,4.8,5.9,6.8,9.8,89.1,951.1,59.56,55410.0,0.0
42359,256.0,264.0,275.0,1.1,6.3,7.5,9.8,88.7,950.9,59.56,55410.0,0.0
42419,257.0,264.0,272.0,6.8,7.8,9.3,9.8,88.7,951.0,59.56,55410.0,0.0
42479,263.0,270.0,275.0,3.1,5.2,5.9,9.8,89.1,951.1,59.56,55410.0,0.0
42539,240.0,255.0,268.0,4.7,6.5,7.5,9.8,89.3,951.0,59.56,55410.0,0.0
42599,255.0,264.0,271.0,4.3,7.1,7.9,9.8,88.8,950.9,59.56,55410.0,0.0
42659,258.0,260.0,263.0,6.6,6.9,7.2,9.7,88.6,951.0,59.56,55410.0,0.0
42719,242.0,256.0,262.0,4.4,5.7,6.9,9.8,88.4,951.1,59.56,55410.0,0.0
42779,260.0,266.0,277.0,3.0,6.5,7.5,9.9,89.4,951.0,59.56,55410.0,0.0
42839,254.0,260.0,268.0,3.4,6.7,8.2,9.8,88.9,951.1,59.56,55410.0,0.0
42899,251.0,264.0,282.0,2.4,5.0,7.3,9.8,88.6,951.1,59.56,55410.0,0.0
42959,257.0,261.0,268.0,5.8,6.3,6.7,10.0,88.3,951.1,59.56,55410.0,0.0
43019,263.0,268.0,275.0,4.7,6.0,6.8,9.8,89.0,950.9,59.56,55410.0,0.0
43079,260.0,272.0,280.0,1.2,4.1,6.2,9.6,88.6,950.9,59.56,55410.0,0.0
43139,274.0,284.0,294.0,3.3,4.6,5.4,9.7,88.7,951.0,59.56,55410.0,0.0
43199,271.0,280.0,288.0,3.4,5.4,6.3,9.6,89.3,950.9,59.56,55410.0,0.0
43259,246.0,263.0,273.0,3.0,3.7,4.2,9.8,89.3,951.0,59.56,55410.0,0.0
43319,250.0,263.0,272.0,2.9,4.4,5.1,9.8,89.0,950.9,59.56,55410.0,0.0
43379,251.0,255.0,263.0,5.8,6.2,6.7,9.5,88.9,950.8,59.56,55410.0,0.0
43439,256.0,259.0,263.0,4.9,5.9,6.3,9.9,89.1,950.9,59.56,55410.0,0.0
43499,236.0,249.0,259.0,5.4,6.0,7.1,9.8,89.2,950.9,59.56,55410.0,0.0
43559,255.0,263.0,270.0,4.0,6.3,7.5,9.8,88.5,950.8,59.56,55410.0,0.0
43619,251.0,256.0,261.0,5.4,6.7,7.3,9.9,88.3,951.0,59.56,55410.0,0.0
43679,236.0,253.0,261.0,3.9,5.7,6.8,9.8,89.3,950.9,59.56,55410.0,0.0
43739,254.0,260.0,270.0,5.3,6.5,7.6,9.5,90.7,950.8,59.56,55410.0,0.0
43799,243.0,258.0,276.0,1.9,4.5,5.9,10.0,88.5,950.9,59.56,55410.0,0.0
43859,251.0,261.0,271.0,3.4,6.1,7.5,9.9,89.4,950.8,59.56,55410.0,0.0
43919,253.0,265.0,275.0,5.6,6.9,8.1,9.9,88.7,950.7,59.56,55410.0,0.0
43979,270.0,274.0,278.0,4.6,6.5,7.6,9.8,88.6,950.7,59.56,55410.0,0.0
44039,249.0,264.0,275.0,1.2,5.5,7.0,9.9,89.2,950.8,59.56,55410.0,0.0
44099,261.0,271.0,281.0,4.3,5.7,7.0,9.8,88.5,950.7,59.56,55410.0,0.0
44159,259.0,263.0,266.0,5.4,6.1,6.7,9.8,88.7,950.7,59.56,55410.0,0.0
44219,264.0,271.0,275.0,3.1,4.4,4.8,9.9,89.2,950.8,59.56,55410.0,0.0
44279,260.0,269.0,279.0,2.3,5.0,6.0,9.9,89.2,950.8,59.56,55410.0,0.0
44339,243.0,255.0,267.0,3.7,4.6,4.9,9.9,88.8,950.9,59.56,55410.0,0.0
44399,251.0,259.0,265.0,4.3,5.1,5.6,10.0,89.3,950.8,59.56,55410.0,0.0
44459,253.0,257.0,263.0,4.0,4.6,5.1,10.0,89.1,950.7,59.56,55410.0,0.0
44519,251.0,264.0,274.0,2.9,4.9,6.2,9.9,88.7,950.7,59.56,55410.0,0.0
44579,250.0,274.0,289.0,1.1,4.5,6.2,10.1,89.0,950.8,59.56,55410.0,0.0
44639,250.0,261.0,268.0,1.6,4.7,5.6,10.1,88.9,950.7,59.56,55410.0,0.0
44699,260.0,268.0,278.0,4.2,4.9,5.6,10.0,88.6,950.7,59.56,55410.0,0.0
44759,255.0,260.0,264.0,4.7,5.4,6.3,10.1,88.7,950.7,59.56,55410.0,0.0
44819,252.0,258.0,264.0,4.7,5.4,6.2,10.1,89.0,950.7,59.56,55410.0,0.0
44879,230.0,264.0,271.0,2.2,4.9,5.7,10.0,88.7,950.6,59.56,55410.0,0.0
44939,258.0,271.0,283.0,1.0,4.3,5.5,10.1,88.4,950.8,59.56,55410.0,0.0
44999,253.0,265.0,279.0,1.3,3.2,4.5,10.0,89.1,950.7,59.56,55410.0,0.0
45059,259.0,264.0,279.0,2.2,5.0,5.7,9.9,88.6,950.5,59.56,55410.0,0.0
45119,253.0,262.0,271.0,3.6,4.5,5.2,10.1,88.7,950.7,59.56,55410.0,0.0
45179,222.0,243.0,256.0,4.3,5.2,6.8,10.0,89.3,950.5,59.56,55410.0,0.0
45239,252.0,260.0,269.0,4.6,6.5,7.2,9.9,89.0,950.5,59.56,55410.0,0.0
45299,248.0,253.0,257.0,5.9,6.6,7.1,9.8,88.5,950.5,59.56,55410.0,0.0
45359,246.0,253.0,262.0,5.1,5.5,6.5,9.9,88.5,950.5,59.56,55410.0,0.0
45419,248.0,258.0,263.0,4.9,5.9,7.2,9.9,89.2,950.5,59.56,55410.0,0.0
45479,258.0,266.0,276.0,3.3,5.0,6.1,9.9,88.7,950.5,59.56,55410.0,0.0
45539,259.0,274.0,284.0,2.5,5.1,7.6,10.1,88.8,950.5,59.56,55410.0,0.0
45599,254.0,263.0,272.0,5.1,6.7,7.7,10.0,89.1,950.4,59.56,55410.0,0.0
45659,257.0,268.0,280.0,4.9,7.1,9.0,9.8,88.6,950.3,59.57,55420.0,0.4
45719,261.0,269.0,274.0,4.7,6.4,7.7,9.8,88.7,950.4,59.61,55480.0,2.8
45779,287.0,291.0,296.0,7.6,8.2,9.0,9.7,88.6,950.3,59.63,55520.0,0.7
45839,266.0,279.0,288.0,5.2,6.8,9.1,9.6,88.8,950.3,59.67,55570.0,2.8
45899,268.0,277.0,282.0,2.9,8.8,10.4,9.5,89.0,950.1,59.7,55600.0,1.3
45959,254.0,270.0,289.0,2.0,5.1,7.5,9.5,89.2,950.2,59.7,55600.0,0.0
46019,265.0,273.0,283.0,3.4,6.2,7.1,9.5,89.5,950.3,59.7,55600.0,0.0
46079,272.0,279.0,292.0,3.6,6.2,7.3,9.5,88.8,950.3,59.7,55600.0,0.0
46139,270.0,277.0,284.0,5.8,7.9,8.9,9.3,89.6,950.3,59.7,55600.0,0.0
46199,267.0,275.0,284.0,4.6,6.7,7.8,9.6,89.1,950.3,59.7,55610.0,0.0
46259,269.0,278.0,292.0,2.1,4.8,6.2,9.5,89.4,950.4,59.7,55610.0,0.0
46319,273.0,280.0,290.0,4.9,5.9,6.8,9.3,89.6,950.3,59.7,55610.0,0.0
46379,256.0,277.0,285.0,1.2,4.6,5.6,9.7,90.0,950.4,59.7,55610.0,0.0
46439,258.0,269.0,278.0,3.2,6.0,7.0,9.7,89.5,950.3,59.7,55610.0,0.0
46499,265.0,270.0,274.0,4.9,6.3,7.6,9.7,89.1,950.3,59.7,55610.0,0.0
46559,263.0,280.0,289.0,1.4,5.1,6.8,9.7,89.6,950.3,59.7,55610.0,0.0
46619,256.0,277.0,336.0,0.7,3.0,5.5,9.7,89.2,950.4,59.7,55610.0,0.0
46679,265.0,275.0,284.0,3.9,5.3,7.0,9.7,89.2,950.2,59.7,55610.0,0.0
46741,252.0,266.0,286.0,2.9,6.4,8.2,9.9,89.5,950.2,59.7,55610.0,0.0
46799,262.0,272.0,289.0,3.4,6.4,7.8,9.7,88.6,950.1,59.7,55610.0,0.0
46859,258.0,266.0,280.0,2.1,4.8,5.9,9.6,88.7,950.3,59.7,55610.0,0.0
46919,272.0,282.0,290.0,5.7,6.4,7.9,9.8,89.7,950.3,59.7,55610.0,0.0
46979,262.0,272.0,289.0,3.8,6.8,8.1,9.7,88.3,950.2,59.7,55610.0,0.0
47039,259.0,268.0,281.0,2.2,5.5,7.3,9.7,88.8,950.1,59.7,55610.0,0.0
47099,260.0,267.0,272.0,4.7,6.8,7.7,9.9,88.4,950.2,59.7,55610.0,0.0
47159,254.0,264.0,269.0,5.4,6.3,6.8,9.7,89.4,950.1,59.7,55610.0,0.0
47219,264.0,269.0,275.0,3.7,5.8,7.4,9.7,88.9,950.0,59.7,55610.0,0.0
47279,251.0,260.0,266.0,3.3,6.5,8.1,9.6,88.4,950.1,59.7,55610.0,0.0
47339,269.0,278.0,287.0,3.9,4.9,5.6,9.7,88.6,950.2,59.7,55610.0,0.0
47399,280.0,283.0,287.0,5.6,6.1,6.7,9.7,89.4,950.2,59.7,55610.0,0.0
47459,261.0,273.0,284.0,3.3,5.2,6.4,9.9,88.9,950.2,59.7,55630.0,0.0
47519,264.0,267.0,270.0,4.9,6.8,8.0,9.7,89.0,950.1,59.7,55650.0,0.2
47579,272.0,275.0,279.0,3.6,5.7,6.2,9.6,89.1,950.1,59.71,55700.0,0.4
47639,263.0,276.0,280.0,4.0,4.9,5.6,9.6,89.3,950.1,59.71,55720.0,0.2
47699,269.0,283.0,309.0,1.2,4.2,6.2,9.6,89.4,950.2,59.71,55730.0,0.0
47759,264.0,271.0,278.0,1.0,4.0,4.9,9.7,88.8,950.2,59.71,55730.0,0.0
47819,259.0,272.0,289.0,1.8,3.5,4.6,9.7,89.4,950.2,59.71,55730.0,0.0
47879,250.0,260.0,267.0,3.5,4.3,4.8,9.7,89.4,950.2,59.71,55730.0,0.0
47939,261.0,268.0,278.0,4.0,5.7,6.4,10.0,88.9,950.2,59.71,55730.0,0.0
47999,261.0,274.0,283.0,1.8,5.0,5.7,9.8,88.7,950.2,59.72,55740.0,0.0
48059,253.0,275.0,308.0,0.8,3.3,4.8,9.8,89.1,950.2,59.72,55740.0,0.0
48119,263.0,273.0,282.0,2.2,4.3,4.8,9.9,88.8,950.3,59.72,55740.0,0.0
48179,252.0,262.0,275.0,1.8,3.9,4.7,9.8,89.0,950.3,59.72,55740.0,0.0
48239,255.0,271.0,285.0,1.3,4.4,5.6,9.8,88.9,950.1,59.72,55740.0,0.0
48299,264.0,266.0,270.0,4.7,5.9,6.5,10.0,88.4,950.1,59.72,55740.0,0.0
48359,260.0,269.0,276.0,2.8,4.3,5.0,9.9,89.5,950.1,59.72,55740.0,0.0
48419,261.0,266.0,275.0,5.7,6.2,6.5,9.9,88.8,950.1,59.72,55740.0,0.0
48479,213.0,263.0,279.0,0.8,3.5,4.8,9.8,88.7,950.1,59.72,55740.0,0.0
48539,256.0,269.0,278.0,4.1,5.5,6.3,10.0,88.4,950.2,59.72,55740.0,0.0
48599,263.0,269.0,275.0,5.3,6.1,6.9,9.9,89.2,950.0,59.72,55740.0,0.0
48659,252.0,261.0,267.0,4.6,6.6,7.6,9.5,88.9,950.0,59.72,55740.0,0.0
48719,265.0,273.0,281.0,2.9,5.1,5.9,9.8,88.7,950.0,59.72,55740.0,0.0
48779,260.0,272.0,287.0,4.2,5.6,7.0,10.0,88.5,950.1,59.72,55740.0,0.0
48839,276.0,283.0,289.0,3.0,4.7,5.4,9.9,89.4,950.1,59.72,55740.0,0.0
48909,272.0,279.0,290.0,2.3,5.1,6.5,9.6,89.0,950.0,59.72,55740.0,0.0
48959,281.0,288.0,297.0,3.6,5.0,6.2,9.8,88.6,950.1,59.72,55740.0,0.0
49019,279.0,286.0,296.0,5.6,5.9,6.3,9.9,88.3,950.1,59.72,55740.0,0.0
49079,275.0,284.0,293.0,4.8,5.3,5.8,9.9,89.2,950.0,59.72,55740.0,0.0
49139,274.0,281.0,289.0,4.4,5.1,5.6,9.8,88.8,950.0,59.72,55740.0,0.0
49199,272.0,276.0,283.0,2.5,4.6,5.4,9.8,89.0,950.1,59.72,55740.0,0.0
49259,286.0,292.0,305.0,3.6,5.4,6.3,10.1,88.5,950.2,59.72,55740.0,0.0
49319,277.0,289.0,305.0,4.5,5.4,6.5,9.7,88.8,949.9,59.72,55740.0,0.0
49379,279.0,288.0,301.0,5.7,6.6,7.9,9.8,88.8,950.0,59.72,55740.0,0.0
49439,286.0,295.0,305.0,5.2,6.9,7.9,9.7,88.4,949.9,59.72,55750.0,0.0
49499,281.0,285.0,292.0,6.5,6.9,7.6,9.5,88.7,949.9,59.72,55760.0,0.0
49799,267.0,273.0,281.0,4.7,5.6,6.0,9.4,89.1,949.9,59.84,55980.0,0.6
49859,259.0,267.0,274.0,2.7,5.5,6.4,9.6,88.8,949.9,59.85,56000.0,0.2
49919,260.0,268.0,283.0,4.2,6.1,7.7,9.3,89.2,949.8,59.85,56020.0,0.2
49979,270.0,275.0,279.0,4.8,7.5,8.8,9.3,88.9,949.7,59.85,56040.0,0.2
50039,281.0,292.0,300.0,5.2,6.2,7.4,9.3,89.1,949.7,59.86,56070.0,0.5
50099,269.0,275.0,281.0,6.9,8.2,9.0,9.3,89.1,949.7,59.87,56080.0,0.0
50161,281.0,285.0,288.0,6.8,7.8,8.9,9.3,89.2,949.7,59.87,56140.0,0.5
50219,271.0,277.0,286.0,6.0,7.0,7.8,9.5,88.7,949.8,59.88,56160.0,0.2
50279,275.0,278.0,282.0,6.5,9.2,9.9,9.3,89.4,949.6,59.88,56180.0,0.2
50339,270.0,280.0,292.0,4.1,7.1,8.7,9.3,89.1,949.8,59.88,56180.0,0.0
50400,280.0,285.0,292.0,5.7,6.6,7.1,9.3,89.2,949.8,59.92,56190.0,2.3
50459,275.0,280.0,287.0,5.4,7.2,7.7,9.4,89.0,949.7,59.92,56190.0,0.0
50519,276.0,282.0,290.0,5.8,6.6,7.3,9.3,89.2,949.7,59.92,56190.0,0.0
50579,266.0,273.0,278.0,3.2,6.2,7.3,9.3,89.3,949.7,59.92,56200.0,0.0
50639,257.0,280.0,321.0,1.8,5.2,7.2,9.4,89.5,949.7,59.92,56200.0,0.0
50699,280.0,289.0,300.0,6.3,7.5,8.9,9.4,89.5,949.7,59.92,56210.0,0.0
50759,259.0,271.0,282.0,3.0,4.9,6.1,9.4,88.9,949.8,59.92,56210.0,0.0
50819,281.0,289.0,298.0,5.4,6.3,6.9,9.5,88.5,949.8,59.92,56210.0,0.0
50879,286.0,289.0,292.0,7.1,7.9,8.2,9.7,89.0,949.8,59.92,56210.0,0.0
50939,281.0,292.0,302.0,4.9,6.9,8.0,9.5,89.2,949.8,59.92,56210.0,0.0
50999,276.0,286.0,298.0,3.8,5.0,5.8,9.4,88.6,949.9,59.92,56210.0,0.0
51059,274.0,284.0,293.0,3.6,5.0,6.4,9.7,89.1,950.0,59.92,56210.0,0.0
51119,252.0,267.0,280.0,2.5,4.2,5.3,9.5,89.3,949.9,59.92,56240.0,0.1
51179,265.0,271.0,276.0,3.1,5.4,6.1,9.2,88.8,949.8,59.92,56240.0,0.0
51239,260.0,270.0,288.0,1.7,4.6,7.3,9.6,89.7,949.9,59.92,56240.0,0.0
51299,271.0,279.0,286.0,6.0,6.5,7.1,9.5,89.1,949.7,59.92,56240.0,0.0
51359,274.0,279.0,286.0,3.4,5.4,6.2,9.6,88.7,949.8,59.92,56240.0,0.0
51419,270.0,275.0,279.0,4.6,5.1,5.6,9.5,89.1,949.7,59.92,56240.0,0.0
51479,269.0,280.0,291.0,3.5,4.2,5.3,9.5,89.2,949.8,59.92,56250.0,0.0
51539,278.0,285.0,291.0,3.7,4.8,5.7,9.6,89.9,949.7,59.92,56260.0,0.0
51599,278.0,282.0,292.0,3.4,6.1,6.7,9.6,89.1,949.7,59.93,56290.0,0.1
51659,280.0,293.0,305.0,4.7,5.9,6.6,9.5,88.1,949.8,59.97,56350.0,2.5
51719,285.0,292.0,298.0,4.2,4.7,5.2,9.4,89.0,949.7,59.98,56400.0,0.5
51779,275.0,279.0,286.0,5.6,6.4,6.9,9.4,89.1,949.7,59.99,56450.0,0.7
51839,252.0,277.0,286.0,3.8,5.5,6.0,9.3,89.1,949.7,60.04,56510.0,2.7
51899,269.0,281.0,291.0,4.6,5.5,7.0,9.3,89.3,949.7,60.06,56560.0,1.0
51959,269.0,275.0,286.0,3.4,6.4,7.1,9.3,89.4,949.6,60.1,56620.0,2.3
52019,277.0,284.0,293.0,4.0,5.3,6.0,9.3,89.5,949.8,60.14,56680.0,2.4
52079,261.0,275.0,284.0,3.0,6.4,7.7,9.4,89.6,949.7,60.19,56740.0,3.2
52139,279.0,288.0,301.0,1.7,6.1,7.8,9.4,89.4,949.6,60.22,56800.0,1.6
52199,278.0,285.0,292.0,2.1,6.3,7.1,9.4,89.6,949.7,60.29,56860.0,4.4
52259,267.0,279.0,287.0,7.8,9.4,11.4,9.4,89.2,949.3,60.38,56920.0,4.5
52319,275.0,285.0,296.0,7.0,8.7,9.9,9.3,89.1,949.5,60.51,56980.0,8.0
52379,274.0,282.0,303.0,3.8,6.4,8.0,9.1,88.8,949.5,60.63,57040.0,7.7
52439,274.0,278.0,288.0,6.5,7.4,8.4,8.9,88.8,949.5,60.75,57100.0,7.0
52499,283.0,287.0,290.0,7.4,7.9,8.4,8.9,89.1,949.6,60.79,57160.0,2.6
52559,285.0,293.0,300.0,7.4,8.4,9.1,8.7,88.8,949.5,60.82,57220.0,2.0
52619,271.0,276.0,291.0,5.4,8.4,9.8,8.6,89.2,949.5,60.84,57270.0,1.0
52679,278.0,286.0,295.0,8.8,9.8,11.1,8.7,89.6,949.6,60.85,57300.0,0.4
52739,290.0,296.0,302.0,8.0,9.3,10.8,8.7,89.6,949.6,60.85,57330.0,0.1
52799,271.0,282.0,295.0,4.1,7.4,8.5,8.8,89.7,949.6,60.85,57360.0,0.1
52859,270.0,276.0,291.0,6.2,7.6,8.2,8.9,89.7,949.6,60.85,57370.0,0.0
52919,232.0,266.0,284.0,0.4,4.7,7.0,8.9,89.6,949.9,60.85,57370.0,0.0
52979,253.0,260.0,269.0,2.5,7.0,8.6,9.0,89.8,949.8,60.85,57370.0,0.0
53039,242.0,269.0,284.0,3.0,7.3,9.8,9.0,89.5,949.9,60.85,57370.0,0.0
53099,268.0,278.0,286.0,4.5,7.1,8.5,9.1,89.5,949.9,60.85,57370.0,0.0
53159,255.0,275.0,288.0,3.3,6.6,8.9,9.3,89.0,950.0,60.85,57370.0,0.0
53219,283.0,289.0,295.0,9.5,10.4,11.0,9.1,89.2,949.7,60.85,57370.0,0.0
53279,277.0,287.0,302.0,6.1,7.6,8.4,9.0,89.2,949.9,60.85,57370.0,0.0
53339,288.0,296.0,302.0,9.8,11.1,11.8,9.0,89.0,949.6,60.85,57370.0,0.0
53399,291.0,296.0,305.0,8.1,9.7,10.9,8.8,89.1,949.7,60.85,57370.0,0.0
53459,280.0,290.0,305.0,8.6,9.6,10.2,8.8,89.4,949.9,60.85,57370.0,0.0
53519,288.0,298.0,309.0,6.7,8.0,9.0,8.5,89.5,949.9,60.85,57370.0,0.0
53579,268.0,284.0,294.0,2.3,5.6,7.2,8.8,89.5,950.0,60.85,57370.0,0.0
53639,276.0,282.0,290.0,6.9,7.6,7.9,8.8,89.4,949.8,60.85,57370.0,0.0
53699,272.0,285.0,296.0,5.8,8.1,9.5,8.8,89.2,949.7,60.85,57370.0,0.0
53759,272.0,289.0,301.0,6.6,7.4,8.8,8.7,89.2,949.9,60.85,57370.0,0.0
53819,282.0,289.0,300.0,4.5,6.0,7.8,8.7,89.4,949.9,60.85,57370.0,0.0
53879,293.0,299.0,308.0,5.0,6.9,8.3,8.9,89.0,949.9,60.85,57370.0,0.0
53939,290.0,302.0,317.0,5.2,6.1,7.1,8.6,89.0,949.9,60.85,57370.0,0.0
53999,285.0,293.0,297.0,6.7,7.3,8.0,8.8,88.8,950.0,60.85,57370.0,0.0
54059,292.0,296.0,300.0,5.6,6.2,7.1,8.2,89.3,949.9,60.85,57370.0,0.0
54119,291.0,300.0,311.0,5.2,6.3,7.4,8.5,89.3,950.0,60.85,57370.0,0.0
54179,283.0,296.0,307.0,4.7,5.3,6.0,8.7,88.7,950.1,60.85,57370.0,0.0
54239,288.0,295.0,305.0,4.7,5.3,5.9,8.5,89.4,950.0,60.85,57370.0,0.0
54299,291.0,297.0,301.0,4.3,4.7,5.2,8.6,89.5,950.0,60.85,57370.0,0.0
54359,295.0,297.0,302.0,5.3,5.7,6.1,8.7,89.8,949.9,60.85,57370.0,0.0
54419,288.0,297.0,308.0,4.1,5.0,5.9,8.6,88.3,949.9,60.85,57370.0,0.0
54479,288.0,296.0,309.0,3.0,3.8,4.3,8.5,88.5,950.0,60.85,57370.0,0.0
54539,292.0,298.0,302.0,3.8,4.3,4.8,8.5,88.3,949.9,60.85,57370.0,0.0
54599,295.0,309.0,316.0,2.4,2.7,3.1,8.4,89.5,949.9,60.85,57370.0,0.0
54659,304.0,310.0,320.0,2.7,3.6,4.0,8.4,88.9,949.9,60.85,57370.0,0.0
54719,304.0,313.0,321.0,4.1,4.4,4.8,8.6,89.4,949.9,60.85,57370.0,0.0
54779,301.0,306.0,313.0,3.4,3.6,3.9,8.6,89.2,949.9,60.85,57370.0,0.0
54839,307.0,311.0,315.0,4.2,4.5,4.9,8.5,88.7,949.9,60.85,57370.0,0.0
54899,302.0,310.0,318.0,4.1,4.5,5.2,8.4,88.8,949.9,60.85,57370.0,0.0
54959,305.0,312.0,320.0,3.2,3.6,3.9,8.5,87.6,949.9,60.85,57370.0,0.0
55019,308.0,316.0,323.0,3.7,4.1,4.7,8.4,88.3,949.9,60.85,57370.0,0.0
55079,311.0,320.0,326.0,3.7,3.9,4.2,8.4,87.4,949.8,60.85,57370.0,0.0
55139,317.0,327.0,338.0,3.3,3.9,4.4,8.4,88.2,949.8,60.85,57370.0,0.0
55199,321.0,334.0,350.0,2.8,3.5,4.1,8.3,86.7,949.7,60.85,57370.0,0.0
55259,328.0,334.0,341.0,3.9,4.1,4.4,8.3,85.5,949.6,60.85,57370.0,0.0
55319,313.0,318.0,326.0,3.6,4.1,4.4,8.2,84.4,949.7,60.85,57370.0,0.0
55379,324.0,330.0,339.0,3.9,4.3,4.7,8.0,82.1,949.7,60.85,57370.0,0.0
55439,305.0,313.0,320.0,3.0,3.6,4.3,8.0,78.7,949.7,60.85,57370.0,0.0
55499,302.0,311.0,320.0,3.8,4.7,5.1,8.1,78.2,949.6,60.85,57370.0,0.0
55559,311.0,318.0,327.0,3.6,3.9,4.2,8.1,77.4,949.7,60.85,57370.0,0.0
55619,313.0,326.0,338.0,3.4,3.8,4.6,8.2,72.9,949.7,60.85,57370.0,0.0
55679,313.0,318.0,327.0,4.0,4.3,4.7,8.5,74.5,949.7,60.85,57370.0,0.0
55739,314.0,320.0,329.0,4.8,5.3,6.1,8.5,74.6,949.7,60.85,57370.0,0.0
55799,330.0,340.0,352.0,4.5,5.0,5.3,8.8,75.4,949.8,60.85,57370.0,0.0
55859,310.0,322.0,329.0,3.7,3.9,4.4,9.0,74.4,949.8,60.85,57370.0,0.0
55919,272.0,285.0,294.0,3.1,3.9,4.7,9.0,78.0,949.9,60.85,57370.0,0.0
55979,305.0,314.0,322.0,2.7,3.0,3.3,9.0,81.4,949.9,60.85,57370.0,0.0
56039,308.0,315.0,323.0,3.8,4.0,4.3,9.0,82.0,949.9,60.85,57370.0,0.0
56099,311.0,315.0,320.0,3.4,3.8,4.2,9.0,81.8,949.9,60.85,57370.0,0.0
56159,304.0,310.0,323.0,3.1,4.0,4.6,8.5,81.1,949.8,60.85,57370.0,0.0
56219,284.0,295.0,303.0,2.3,2.9,3.3,9.0,81.8,950.0,60.85,57370.0,0.0
56279,293.0,303.0,314.0,2.5,2.8,3.1,8.9,82.2,949.9,60.85,57370.0,0.0
56339,283.0,296.0,307.0,4.3,4.8,5.4,8.8,79.1,949.8,60.85,57370.0,0.0
56399,292.0,301.0,311.0,4.1,5.3,6.8,8.8,76.5,949.8,60.85,57370.0,0.0
56459,280.0,294.0,305.0,3.7,4.7,5.3,8.8,77.0,949.8,60.85,57370.0,0.0
56519,284.0,291.0,299.0,4.0,4.5,5.6,8.6,77.8,949.7,60.85,57370.0,0.0
56579,278.0,283.0,288.0,4.3,4.7,5.1,9.0,77.8,949.8,60.85,57370.0,0.0
56639,285.0,294.0,300.0,3.7,4.3,4.6,8.9,76.7,949.8,60.85,57370.0,0.0
56699,291.0,299.0,311.0,2.8,3.6,4.2,8.9,77.4,949.9,60.85,57370.0,0.0
56759,290.0,302.0,310.0,2.7,3.2,3.6,9.0,78.3,949.9,60.85,57370.0,0.0
56819,304.0,314.0,325.0,2.1,3.1,5.0,8.9,78.9,949.9,60.85,57370.0,0.0
56879,283.0,298.0,314.0,1.9,3.7,4.9,8.9,78.9,949.9,60.85,57370.0,0.0
56939,264.0,276.0,288.0,1.4,2.5,3.0,9.0,80.0,950.0,60.85,57370.0,0.0
56999,277.0,283.0,292.0,3.1,3.7,4.0,8.6,82.1,949.9,60.85,57370.0,0.0
57059,274.0,289.0,300.0,3.8,4.6,5.3,8.9,79.4,949.9,60.85,57370.0,0.0
57119,270.0,283.0,295.0,0.9,3.5,4.3,8.9,80.6,950.0,60.85,57370.0,0.0
57179,275.0,283.0,293.0,3.7,4.2,4.8,8.9,80.8,950.0,60.85,57370.0,0.0
57239,279.0,285.0,289.0,4.6,5.3,5.6,8.8,80.1,949.9,60.85,57370.0,0.0
57299,276.0,282.0,293.0,4.8,5.4,6.0,8.9,81.5,950.0,60.85,57370.0,0.0
57359,288.0,293.0,302.0,4.2,5.4,6.8,8.9,81.7,950.0,60.85,57370.0,0.0
57419,281.0,285.0,291.0,4.8,6.0,6.5,8.8,80.7,950.0,60.85,57370.0,0.0
57479,279.0,287.0,296.0,4.7,5.4,6.7,8.9,79.7,950.0,60.85,57370.0,0.0
57539,279.0,285.0,291.0,4.2,5.0,5.6,8.9,80.5,950.0,60.85,57370.0,0.0
57599,282.0,293.0,303.0,3.8,4.6,5.3,8.9,80.7,950.0,60.85,57370.0,0.0
57659,284.0,295.0,305.0,3.0,4.2,5.2,8.9,82.1,950.0,60.85,57370.0,0.0
57719,280.0,286.0,293.0,4.1,4.8,5.3,8.8,81.8,950.1,60.85,57370.0,0.0
57779,284.0,291.0,298.0,3.6,4.1,4.5,8.8,81.8,950.0,60.85,57370.0,0.0
57839,278.0,288.0,299.0,3.4,3.9,4.5,8.9,82.7,950.0,60.85,57370.0,0.0
57899,282.0,289.0,294.0,3.7,4.0,4.4,8.8,82.6,950.0,60.85,57370.0,0.0
57959,275.0,288.0,300.0,3.6,4.3,5.0,8.5,82.3,950.0,60.85,57370.0,0.0
58019,272.0,284.0,295.0,3.8,4.3,5.0,8.8,83.0,950.0,60.85,57370.0,0.0
58079,274.0,280.0,296.0,2.4,4.4,5.5,8.8,82.3,950.0,60.85,57370.0,0.0
58139,265.0,279.0,289.0,2.0,4.5,5.2,8.8,81.9,950.0,60.85,57370.0,0.0
58199,270.0,280.0,286.0,3.6,4.1,4.5,8.9,82.7,950.0,60.85,57370.0,0.0
58259,276.0,281.0,290.0,3.2,4.0,4.4,8.8,82.1,950.0,60.85,57370.0,0.0
58319,264.0,274.0,289.0,2.4,3.3,3.8,9.0,82.3,950.1,60.85,57370.0,0.0
58379,270.0,276.0,290.0,2.1,3.5,4.2,8.9,83.2,950.0,60.85,57370.0,0.0
58439,271.0,273.0,278.0,3.3,3.7,3.9,8.8,82.6,950.1,60.85,57370.0,0.0
58499,275.0,290.0,299.0,2.2,3.9,4.5,8.8,82.2,950.0,60.85,57370.0,0.0
58559,274.0,282.0,300.0,1.9,3.0,3.5,8.9,83.1,950.0,60.85,57370.0,0.0
58696,270.0,275.0,280.0,2.7,3.3,3.5,8.8,83.0,950.1,60.85,57370.0,0.0
58696,283.0,287.0,291.0,3.6,3.7,3.9,8.8,82.6,950.1,60.85,57370.0,0.0
58739,274.0,281.0,287.0,2.7,3.1,3.3,8.9,83.2,950.1,60.85,57370.0,0.0
58799,278.0,284.0,292.0,3.3,3.6,3.9,8.8,83.2,950.1,60.85,57370.0,0.0
59099,273.0,279.0,281.0,2.1,2.9,3.1,8.9,84.0,950.0,60.85,57370.0,0.0
59159,268.0,274.0,279.0,2.2,3.1,3.5,8.9,83.3,950.0,60.85,57370.0,0.0
59219,264.0,270.0,277.0,1.8,2.3,2.8,9.1,82.9,950.1,60.85,57370.0,0.0
59279,272.0,281.0,296.0,2.0,2.3,2.6,8.9,83.5,949.9,60.85,57370.0,0.0
59339,258.0,273.0,288.0,1.1,1.6,1.9,8.9,83.2,950.0,60.85,57370.0,0.0
59399,247.0,256.0,265.0,1.3,1.9,2.3,9.0,83.7,950.0,60.85,57370.0,0.0
59459,264.0,273.0,279.0,1.6,2.2,2.5,8.6,82.7,949.9,60.85,57370.0,0.0
59519,298.0,303.0,310.0,1.2,1.4,1.6,9.0,83.0,950.0,60.85,57370.0,0.0
59579,271.0,276.0,281.0,1.8,2.0,2.3,9.1,82.6,950.1,60.85,57370.0,0.0
59639,263.0,267.0,270.0,2.3,2.8,3.0,9.2,82.5,950.1,60.85,57370.0,0.0
59699,259.0,263.0,268.0,2.9,3.3,3.6,9.0,83.4,950.1,60.85,57370.0,0.0
59759,260.0,265.0,268.0,1.6,2.4,2.8,8.9,82.8,950.1,60.85,57370.0,0.0
59819,246.0,251.0,257.0,2.4,2.6,3.0,9.0,83.1,950.1,60.85,57370.0,0.0
59879,241.0,246.0,252.0,2.4,2.8,3.0,9.0,84.0,950.1,60.85,57370.0,0.0
59939,242.0,248.0,253.0,2.4,2.8,3.2,9.0,83.6,950.2,60.85,57370.0,0.0
59999,238.0,243.0,248.0,2.6,2.8,3.1,9.0,83.5,950.2,60.85,57370.0,0.0
60059,240.0,251.0,259.0,1.8,3.0,3.4,9.0,83.4,950.1,60.85,57370.0,0.0
60119,239.0,252.0,266.0,2.2,2.9,3.8,8.9,83.1,950.1,60.85,57370.0,0.0
60179,246.0,253.0,259.0,2.6,3.1,3.7,9.0,84.0,950.1,60.85,57370.0,0.0
60239,251.0,253.0,258.0,2.8,3.1,3.4,9.0,84.1,950.1,60.85,57370.0,0.0
60299,230.0,248.0,255.0,2.5,2.7,3.1,8.9,83.6,950.1,60.85,57370.0,0.0
60359,236.0,245.0,257.0,2.6,3.0,3.3,9.0,84.3,950.1,60.85,57370.0,0.0
60419,238.0,245.0,249.0,2.5,3.1,3.5,8.9,83.2,950.1,60.85,57370.0,0.0
60479,246.0,251.0,259.0,3.2,3.6,3.9,9.0,83.1,950.2,60.85,57370.0,0.0
60539,232.0,242.0,251.0,2.5,2.8,3.2,8.9,83.6,950.1,60.85,57370.0,0.0
60599,237.0,244.0,249.0,3.0,3.2,3.4,8.9,83.2,950.2,60.85,57370.0,0.0
60659,235.0,240.0,244.0,2.2,2.5,2.7,8.9,83.3,950.2,60.85,57370.0,0.0
60719,231.0,243.0,251.0,2.4,2.9,3.3,8.9,83.6,950.2,60.85,57370.0,0.0
60779,244.0,248.0,252.0,3.0,3.2,3.4,8.9,83.3,950.0,60.85,57370.0,0.0
60839,245.0,250.0,255.0,2.9,3.1,3.3,9.0,83.3,950.1,60.85,57370.0,0.0
60899,231.0,239.0,248.0,2.3,2.8,3.1,9.0,83.4,950.1,60.85,57370.0,0.0
60959,244.0,247.0,252.0,2.9,3.4,3.6,8.9,83.0,950.1,60.85,57370.0,0.0
61019,229.0,234.0,239.0,2.8,3.0,3.1,9.0,83.7,950.1,60.85,57370.0,0.0
61079,239.0,246.0,261.0,2.2,2.8,3.5,8.9,83.3,950.1,60.85,57370.0,0.0
61139,247.0,251.0,255.0,2.9,3.4,3.8,8.9,83.2,950.1,60.85,57370.0,0.0
61199,244.0,249.0,258.0,3.7,4.3,4.6,8.8,83.5,950.0,60.85,57370.0,0.0
61259,250.0,259.0,268.0,2.8,5.0,5.8,8.8,83.3,950.1,60.85,57370.0,0.0
61319,260.0,268.0,278.0,4.2,5.3,5.8,8.4,82.8,950.0,60.85,57370.0,0.0
61379,272.0,276.0,281.0,3.0,6.5,8.1,8.6,83.6,949.9,60.85,57370.0,0.0
61439,245.0,258.0,265.0,5.5,7.0,8.2,8.5,83.1,949.9,60.85,57370.0,0.0
61499,273.0,276.0,284.0,5.3,7.1,7.6,8.5,84.3,949.9,60.85,57370.0,0.0
61559,275.0,280.0,287.0,4.4,5.5,6.3,8.5,84.4,950.1,60.85,57370.0,0.0
61619,260.0,266.0,272.0,3.1,3.7,4.1,8.5,85.0,950.1,60.85,57370.0,0.0
61679,257.0,264.0,271.0,2.0,3.8,4.8,8.5,85.7,950.1,60.85,57370.0,0.0
61739,274.0,276.0,280.0,4.6,5.1,5.8,8.5,86.2,950.1,60.85,57370.0,0.0
61799,271.0,275.0,279.0,2.9,5.0,5.6,8.1,88.4,950.0,60.85,57370.0,0.0
61859,271.0,276.0,284.0,4.9,5.6,6.4,8.4,86.5,950.0,60.85,57370.0,0.0
61919,269.0,274.0,279.0,5.0,6.2,6.9,8.3,86.6,950.0,60.85,57370.0,0.0
61979,265.0,272.0,281.0,3.5,5.3,6.1,8.2,87.2,950.1,60.85,57370.0,0.0
62039,261.0,264.0,274.0,4.6,5.3,6.7,8.2,87.2,950.2,60.85,57370.0,0.0
62099,264.0,269.0,282.0,2.6,4.9,5.6,8.2,87.4,950.2,60.85,57370.0,0.0
62159,260.0,267.0,277.0,2.2,4.4,5.0,8.2,87.7,950.2,60.85,57370.0,0.0
62219,260.0,269.0,276.0,2.2,4.4,5.5,8.2,87.5,950.3,60.85,57370.0,0.0
62279,267.0,272.0,280.0,3.3,3.6,4.2,8.2,87.9,950.3,60.85,57370.0,0.0
62339,274.0,280.0,287.0,4.3,5.4,6.6,8.2,87.9,950.3,60.85,57370.0,0.0
62399,240.0,263.0,284.0,0.9,3.3,5.3,8.1,87.8,950.3,60.85,57370.0,0.0
62459,268.0,276.0,286.0,2.6,4.4,5.4,8.1,87.9,950.3,60.85,57370.0,0.0
62519,272.0,278.0,288.0,3.1,5.3,6.4,8.2,87.4,950.3,60.85,57370.0,0.0
62579,267.0,283.0,292.0,2.9,3.8,4.3,8.1,87.8,950.3,60.85,57370.0,0.0
62639,263.0,273.0,279.0,3.9,4.3,4.8,8.1,87.7,950.2,60.85,57370.0,0.0
62699,261.0,274.0,289.0,1.0,2.6,3.2,8.2,88.2,950.3,60.85,57370.0,0.0
62759,267.0,275.0,283.0,1.6,2.6,3.3,8.2,87.7,950.3,60.85,57370.0,0.0
62819,278.0,284.0,293.0,2.8,3.3,3.7,8.4,87.2,950.3,60.85,57370.0,0.0
62879,275.0,279.0,281.0,2.7,3.2,3.6,8.3,88.0,950.3,60.85,57370.0,0.0
62939,273.0,277.0,285.0,3.1,3.3,3.6,8.3,87.4,950.3,60.85,57370.0,0.0
62999,267.0,276.0,286.0,2.7,3.7,4.5,8.5,87.0,950.4,60.85,57370.0,0.0
63059,266.0,276.0,282.0,2.7,3.6,4.2,8.4,87.1,950.3,60.85,57370.0,0.0
63119,274.0,278.0,287.0,2.3,3.1,3.6,8.3,87.3,950.3,60.85,57370.0,0.0
63179,267.0,272.0,279.0,1.5,3.1,3.8,8.4,87.7,950.3,60.85,57370.0,0.0
63239,272.0,276.0,282.0,2.3,2.8,3.0,8.4,87.7,950.3,60.85,57370.0,0.0
63299,265.0,271.0,282.0,0.9,2.9,3.6,8.3,86.5,950.3,60.85,57370.0,0.0
63359,265.0,272.0,281.0,2.6,2.8,3.5,8.4,87.7,950.3,60.85,57370.0,0.0
63419,271.0,276.0,279.0,2.8,3.6,3.9,8.4,86.9,950.3,60.85,57370.0,0.0
63479,270.0,279.0,283.0,3.5,4.0,4.3,8.4,87.2,950.3,60.85,57370.0,0.0
63539,269.0,273.0,280.0,2.0,3.5,4.0,8.4,87.6,950.4,60.85,57370.0,0.0
63599,273.0,278.0,282.0,2.9,3.5,3.8,8.4,86.7,950.4,60.85,57370.0,0.0
63659,274.0,279.0,283.0,3.7,3.9,4.2,8.4,86.8,950.4,60.85,57370.0,0.0
63719,275.0,285.0,289.0,3.3,3.8,4.2,8.4,87.7,950.4,60.85,57370.0,0.0
63779,273.0,278.0,283.0,3.7,3.9,4.2,8.4,87.2,950.5,60.85,57370.0,0.0
63839,276.0,281.0,289.0,2.5,2.9,3.1,8.4,87.2,950.5,60.85,57370.0,0.0
63899,275.0,279.0,283.0,2.6,3.5,3.8,8.4,87.7,950.5,60.85,57370.0,0.0
63959,272.0,288.0,299.0,1.6,3.4,4.0,8.4,87.2,950.5,60.85,57370.0,0.0
64019,272.0,279.0,281.0,2.8,3.5,3.8,8.4,87.2,950.5,60.85,57370.0,0.0
64079,266.0,277.0,285.0,2.2,3.4,4.2,8.5,87.7,950.5,60.85,57370.0,0.0
64139,277.0,282.0,286.0,3.9,4.3,4.5,8.4,87.1,950.6,60.85,57370.0,0.0
64199,280.0,284.0,289.0,3.8,4.3,4.6,8.4,87.2,950.6,60.85,57370.0,0.0
64259,283.0,288.0,292.0,4.1,4.4,4.7,8.5,87.7,950.5,60.85,57370.0,0.0
64319,280.0,284.0,293.0,3.6,4.3,4.8,8.4,87.3,950.6,60.85,57370.0,0.0
64379,272.0,283.0,294.0,1.9,3.4,3.9,8.4,86.9,950.6,60.85,57370.0,0.0
64439,281.0,287.0,293.0,3.7,4.0,4.2,8.4,87.8,950.6,60.85,57370.0,0.0
64499,279.0,285.0,289.0,3.1,3.7,4.1,8.3,87.2,950.7,60.85,57370.0,0.0
64559,279.0,286.0,294.0,2.9,3.2,3.7,8.3,86.8,950.7,60.85,57370.0,0.0
64619,271.0,277.0,288.0,3.4,4.4,5.3,8.4,87.6,950.7,60.85,57370.0,0.0
64679,277.0,281.0,286.0,3.6,3.8,4.2,8.3,86.2,950.7,60.85,57370.0,0.0
64739,281.0,285.0,288.0,3.1,3.5,3.9,8.3,87.1,950.7,60.85,57370.0,0.0
64799,279.0,285.0,292.0,3.6,4.2,4.8,8.4,87.6,950.7,60.85,57370.0,0.0
64859,279.0,284.0,290.0,4.5,4.7,4.8,8.3,86.6,950.7,60.85,57370.0,0.0
64919,284.0,288.0,296.0,3.9,4.2,4.4,8.2,86.5,950.8,60.85,57370.0,0.0
64979,277.0,283.0,287.0,4.0,4.6,5.2,8.4,85.7,950.9,60.85,57370.0,0.0
65039,276.0,283.0,289.0,3.9,4.4,4.8,8.4,85.5,950.9,60.85,57370.0,0.0
65099,278.0,287.0,297.0,3.9,4.5,4.9,8.2,85.6,950.8,60.85,57370.0,0.0
65159,276.0,284.0,297.0,2.9,3.5,4.0,8.4,84.9,950.9,60.85,57370.0,0.0
65219,270.0,279.0,285.0,2.0,3.1,3.7,8.3,85.9,950.8,60.85,57370.0,0.0
65279,274.0,281.0,289.0,2.4,3.3,3.5,8.3,85.0,950.8,60.85,57370.0,0.0
65339,277.0,281.0,286.0,2.9,3.3,3.7,8.2,85.1,950.7,60.85,57370.0,0.0
65399,270.0,279.0,286.0,2.4,2.8,3.2,8.3,84.8,950.8,60.85,57370.0,0.0
65459,277.0,281.0,284.0,3.5,3.7,4.0,8.3,84.0,950.8,60.85,57370.0,0.0
65519,274.0,277.0,281.0,3.8,4.1,4.3,8.4,84.1,950.8,60.85,57370.0,0.0
65579,277.0,282.0,295.0,2.5,2.7,3.2,8.4,83.7,950.8,60.85,57370.0,0.0
65639,272.0,280.0,286.0,2.5,2.7,3.1,8.4,83.0,950.8,60.85,57370.0,0.0
65699,281.0,286.0,291.0,2.4,2.6,2.9,8.5,83.9,950.8,60.85,57370.0,0.0
65759,274.0,276.0,281.0,2.6,2.8,3.0,8.5,83.1,950.9,60.85,57370.0,0.0
65819,267.0,271.0,276.0,2.7,3.0,3.2,8.5,83.3,950.8,60.85,57370.0,0.0
65879,258.0,264.0,274.0,2.4,2.8,3.0,8.6,83.7,950.8,60.85,57370.0,0.0
65939,255.0,263.0,279.0,1.2,2.1,2.8,8.5,82.4,950.8,60.85,57370.0,0.0
65999,262.0,271.0,279.0,1.4,2.4,3.5,8.6,81.2,950.9,60.85,57370.0,0.0
66059,260.0,265.0,269.0,3.1,3.2,3.4,8.5,81.7,950.8,60.85,57370.0,0.0
66119,270.0,273.0,275.0,2.3,3.3,3.5,8.5,81.5,950.8,60.85,57370.0,0.0
66179,266.0,272.0,275.0,1.6,3.1,3.6,8.6,81.1,950.8,60.85,57370.0,0.0
66239,251.0,263.0,268.0,2.0,2.8,3.0,8.6,81.1,950.8,60.85,57370.0,0.0
66299,256.0,264.0,270.0,1.9,2.8,3.2,8.5,80.8,950.9,60.85,57370.0,0.0
66359,259.0,266.0,273.0,2.6,3.3,3.9,8.6,80.9,950.8,60.86,57380.0,0.1
66419,263.0,270.0,275.0,2.6,3.8,4.8,8.5,80.5,950.8,60.86,57380.0,0.0
66479,267.0,272.0,285.0,2.0,3.2,3.9,8.5,80.5,950.7,60.86,57380.0,0.0
66539,258.0,264.0,267.0,4.0,4.3,4.5,8.2,82.6,950.7,60.86,57380.0,0.0
66599,264.0,269.0,278.0,3.0,3.6,4.1,8.4,80.6,950.8,60.86,57380.0,0.0
66659,271.0,280.0,289.0,3.5,4.1,4.7,8.4,82.0,950.9,60.86,57380.0,0.0
66719,270.0,276.0,281.0,3.4,4.4,5.0,8.3,82.2,950.8,60.86,57380.0,0.0
66779,272.0,278.0,282.0,4.0,4.5,4.9,8.3,82.3,950.9,60.86,57380.0,0.0
66839,277.0,280.0,282.0,3.8,4.2,4.4,8.5,82.1,951.0,60.86,57380.0,0.0
66899,280.0,287.0,291.0,3.7,4.0,4.2,8.5,82.3,951.0,60.86,57380.0,0.0
66959,279.0,285.0,292.0,3.6,3.9,4.4,8.3,82.9,950.9,60.86,57380.0,0.0
67019,277.0,279.0,282.0,3.5,4.1,4.4,8.5,82.1,950.9,60.86,57380.0,0.0
67079,276.0,280.0,288.0,3.6,3.9,4.1,8.3,82.9,950.9,60.86,57380.0,0.0
67139,270.0,277.0,284.0,3.1,3.4,3.8,8.3,81.5,950.9,60.86,57380.0,0.0
67199,274.0,280.0,284.0,3.5,3.7,3.9,8.5,81.8,951.0,60.86,57380.0,0.0
67259,281.0,283.0,286.0,3.8,4.1,4.2,8.4,82.4,950.8,60.86,57380.0,0.0
67319,279.0,285.0,293.0,3.0,3.5,3.9,8.3,81.5,950.9,60.86,57380.0,0.0
67379,278.0,284.0,288.0,3.1,3.4,3.5,8.2,82.3,950.9,60.86,57380.0,0.0
67439,280.0,282.0,285.0,3.6,3.8,4.0,8.4,82.1,950.9,60.86,57380.0,0.0
67499,271.0,281.0,285.0,3.5,3.8,4.0,8.3,81.4,950.9,60.86,57380.0,0.0
67559,271.0,278.0,284.0,1.6,3.3,4.0,8.6,81.3,950.9,60.86,57380.0,0.0
67619,269.0,276.0,283.0,2.6,3.1,3.5,8.4,82.4,950.8,60.86,57380.0,0.0
67679,274.0,279.0,284.0,3.1,3.5,3.8,8.4,81.8,950.8,60.86,57380.0,0.0
67739,274.0,278.0,283.0,2.0,3.0,3.4,8.6,81.6,950.9,60.86,57380.0,0.0
67799,278.0,280.0,281.0,3.0,3.2,3.4,8.4,81.4,950.8,60.86,57380.0,0.0
67859,272.0,281.0,285.0,2.3,2.5,2.7,8.4,81.9,950.9,60.86,57380.0,0.0
67919,276.0,285.0,295.0,2.4,2.7,2.9,8.5,82.5,950.9,60.86,57380.0,0.0
67979,283.0,293.0,298.0,2.9,3.1,3.3,8.4,82.1,951.0,60.86,57380.0,0.0
68039,290.0,292.0,294.0,2.9,3.0,3.2,8.4,82.2,951.0,60.86,57380.0,0.0
68099,287.0,293.0,299.0,2.5,2.8,3.0,8.5,82.4,951.0,60.86,57380.0,0.0
68159,289.0,295.0,302.0,2.5,2.7,3.1,8.1,84.1,951.0,60.86,57380.0,0.0
68219,274.0,282.0,294.0,2.7,3.3,3.7,8.4,82.0,951.0,60.86,57380.0,0.0
68279,275.0,280.0,285.0,3.2,3.5,3.7,8.5,82.3,950.9,60.86,57380.0,0.0
68339,268.0,274.0,280.0,2.1,2.9,3.2,8.4,81.8,950.9,60.86,57380.0,0.0
68399,260.0,267.0,276.0,2.1,2.4,2.8,8.6,81.5,950.9,60.86,57380.0,0.0
68459,275.0,283.0,294.0,1.3,1.7,2.1,8.5,82.3,950.8,60.86,57380.0,0.0
68519,261.0,267.0,271.0,2.5,2.7,3.1,8.4,81.3,950.8,60.86,57380.0,0.0
68579,272.0,285.0,300.0,1.5,1.8,2.1,8.5,81.8,950.8,60.86,57380.0,0.0
68639,17.0,277.0,129.0,0.0,0.4,1.2,8.5,80.9,950.8,60.86,57380.0,0.0
68699,266.0,277.0,283.0,0.6,1.3,1.6,8.5,80.9,950.8,60.86,57380.0,0.0
68759,260.0,264.0,267.0,1.4,2.0,2.2,8.5,81.5,950.7,60.86,57380.0,0.0
68819,235.0,244.0,254.0,1.4,1.8,2.3,8.5,81.0,950.7,60.86,57380.0,0.0
68879,232.0,245.0,253.0,2.2,2.5,2.8,8.6,81.2,950.7,60.86,57380.0,0.0
68939,247.0,251.0,255.0,1.7,2.0,2.4,8.5,80.7,950.7,60.86,57380.0,0.0
68999,218.0,240.0,253.0,0.9,1.2,1.6,8.6,80.3,950.7,60.86,57380.0,0.0
69059,250.0,254.0,260.0,1.5,1.6,1.7,8.6,81.1,950.6,60.86,57380.0,0.0
69119,230.0,237.0,247.0,1.3,1.4,1.6,8.6,80.4,950.6,60.86,57380.0,0.0
69179,226.0,231.0,245.0,1.6,1.7,1.9,8.6,81.0,950.6,60.86,57380.0,0.0
69239,210.0,219.0,229.0,1.2,1.4,1.6,8.6,80.4,950.7,60.86,57380.0,0.0
69299,207.0,212.0,222.0,1.2,1.3,1.4,8.6,81.0,950.7,60.86,57380.0,0.0
69359,211.0,220.0,237.0,0.9,1.2,1.5,8.6,81.1,950.7,60.86,57380.0,0.0
69419,243.0,257.0,274.0,1.0,1.2,1.4,8.7,80.2,950.7,60.86,57380.0,0.0
69479,273.0,281.0,290.0,1.1,1.3,1.5,8.6,80.6,950.7,60.86,57380.0,0.0
69539,241.0,248.0,252.0,0.9,1.1,1.2,8.6,79.8,950.8,60.86,57380.0,0.0
69599,230.0,252.0,262.0,1.3,1.5,1.6,8.7,80.6,950.8,60.86,57380.0,0.0
69659,215.0,233.0,243.0,1.3,1.6,1.9,8.6,80.0,950.7,60.86,57380.0,0.0
69719,242.0,248.0,255.0,1.4,1.7,1.9,8.7,80.2,950.6,60.86,57380.0,0.0
69779,240.0,245.0,248.0,2.1,2.2,2.3,8.7,79.7,950.7,60.86,57380.0,0.0
69839,241.0,251.0,258.0,1.3,1.5,1.7,8.9,79.6,950.8,60.86,57380.0,0.0
69899,247.0,255.0,261.0,0.9,1.1,1.3,8.8,80.2,950.8,60.86,57380.0,0.0
69959,263.0,273.0,280.0,1.1,1.4,1.6,8.9,79.7,950.9,60.86,57380.0,0.0
70019,274.0,280.0,286.0,1.0,1.3,1.5,8.7,80.1,950.8,60.86,57380.0,0.0
70079,266.0,270.0,274.0,1.2,1.3,1.4,8.7,79.7,950.8,60.86,57380.0,0.0
70139,259.0,263.0,269.0,1.6,1.6,1.7,8.7,80.2,950.7,60.86,57380.0,0.0
70199,255.0,259.0,261.0,1.8,1.9,2.0,8.7,79.8,950.6,60.86,57380.0,0.0
70259,253.0,258.0,259.0,1.6,1.8,1.9,8.7,80.3,950.6,60.86,57380.0,0.0
70319,251.0,255.0,260.0,1.9,2.1,2.2,8.7,79.8,950.7,60.86,57380.0,0.0
70379,248.0,252.0,256.0,1.5,1.9,2.0,8.9,79.8,950.8,60.86,57380.0,0.0
70439,253.0,255.0,257.0,1.9,2.0,2.1,8.7,80.2,950.7,60.86,57380.0,0.0
70499,250.0,256.0,261.0,2.2,2.3,2.5,8.7,79.9,950.8,60.86,57380.0,0.0
70559,252.0,257.0,266.0,2.2,2.3,2.5,8.7,80.2,950.7,60.86,57380.0,0.0
70619,245.0,248.0,253.0,2.5,2.6,2.8,8.7,79.8,950.7,60.86,57380.0,0.0
70679,243.0,246.0,250.0,2.7,2.9,3.1,8.9,79.9,950.8,60.86,57380.0,0.0
70739,237.0,256.0,269.0,1.2,2.0,2.3,8.7,80.3,950.7,60.86,57380.0,0.0
70799,244.0,248.0,249.0,2.2,2.3,2.4,8.4,79.9,950.6,60.86,57380.0,0.0
70859,247.0,251.0,253.0,2.1,2.2,2.3,8.7,80.5,950.7,60.86,57380.0,0.0
70919,235.0,239.0,244.0,2.0,2.2,2.3,8.7,80.2,950.7,60.86,57380.0,0.0
70979,235.0,238.0,241.0,1.8,2.0,2.2,8.7,80.1,950.7,60.86,57380.0,0.0
71039,241.0,250.0,257.0,1.8,2.0,2.1,8.7,80.6,950.7,60.86,57380.0,0.0
71099,261.0,263.0,267.0,1.6,1.7,1.8,8.4,80.3,950.8,60.86,57380.0,0.0
71159,256.0,259.0,263.0,1.6,1.7,1.8,8.7,80.7,950.8,60.86,57380.0,0.0
71219,259.0,261.0,263.0,1.5,1.6,1.7,8.6,80.4,950.8,60.86,57380.0,0.0
71279,254.0,257.0,260.0,1.5,1.6,1.7,8.7,80.8,950.8,60.86,57380.0,0.0
71339,243.0,248.0,251.0,1.3,1.4,1.6,8.7,80.8,950.8,60.86,57380.0,0.0
71399,236.0,241.0,247.0,1.3,1.4,1.5,8.7,80.8,950.8,60.86,57380.0,0.0
71459,249.0,255.0,262.0,1.3,1.4,1.6,8.7,80.6,950.9,60.86,57380.0,0.0
71519,262.0,270.0,280.0,0.7,0.8,0.9,8.7,80.6,950.9,60.86,57380.0,0.0
71579,270.0,283.0,292.0,0.5,0.7,0.9,8.9,80.1,951.0,60.86,57380.0,0.0
71639,256.0,267.0,270.0,0.7,0.8,0.9,8.7,80.0,950.9,60.86,57380.0,0.0
71699,253.0,264.0,270.0,1.0,1.0,1.2,8.9,79.9,950.9,60.86,57380.0,0.0
71759,270.0,275.0,279.0,1.2,1.3,1.5,8.9,79.8,951.0,60.86,57380.0,0.0
71819,250.0,258.0,263.0,1.2,1.4,1.6,8.8,79.7,950.8,60.86,57380.0,0.0
71879,246.0,251.0,253.0,1.4,1.5,1.6,8.6,79.8,950.8,60.86,57380.0,0.0
71939,250.0,254.0,260.0,1.2,1.4,1.6,8.9,79.4,950.9,60.86,57380.0,0.0
71999,242.0,247.0,252.0,1.2,1.4,1.6,9.0,79.4,950.9,60.86,57380.0,0.0
72059,231.0,239.0,248.0,1.1,1.3,1.5,9.0,79.5,951.0,60.86,57380.0,0.0
72119,236.0,239.0,243.0,1.4,1.6,1.7,9.0,79.6,951.0,60.86,57380.0,0.0
72179,224.0,229.0,233.0,1.5,1.6,1.8,9.0,79.5,951.1,60.86,57380.0,0.0
72239,223.0,228.0,232.0,1.7,2.0,2.1,9.0,79.6,951.1,60.86,57380.0,0.0
72299,225.0,228.0,230.0,2.2,2.3,2.4,9.0,79.5,951.0,60.86,57380.0,0.0
72359,223.0,228.0,234.0,1.7,1.8,2.0,9.0,79.5,951.0,60.86,57380.0,0.0
72419,204.0,206.0,209.0,1.6,1.7,1.8,9.0,79.9,951.0,60.86,57380.0,0.0
72479,206.0,212.0,219.0,1.5,1.6,1.8,8.8,80.0,951.0,60.86,57380.0,0.0
72539,212.0,219.0,226.0,1.4,1.5,1.6,8.8,80.0,951.0,60.86,57380.0,0.0
72599,209.0,213.0,222.0,1.5,1.6,1.7,8.8,80.2,951.0,60.86,57380.0,0.0
72659,201.0,208.0,217.0,1.3,1.5,1.6,8.8,80.1,951.1,60.86,57380.0,0.0
72719,200.0,205.0,210.0,1.1,1.4,1.6,8.8,80.2,951.0,60.86,57380.0,0.0
72779,189.0,196.0,202.0,1.3,1.4,1.5,8.9,80.2,951.1,60.86,57380.0,0.0
72839,186.0,192.0,201.0,1.3,1.4,1.7,8.8,80.4,951.0,60.86,57380.0,0.0
72899,177.0,183.0,189.0,1.0,1.1,1.2,8.9,80.4,951.0,60.86,57380.0,0.0
72959,174.0,181.0,192.0,0.8,1.0,1.2,8.8,80.6,951.1,60.86,57380.0,0.0
73019,184.0,191.0,203.0,0.7,1.0,1.1,8.7,80.6,951.1,60.86,57380.0,0.0
73079,188.0,191.0,195.0,0.7,0.8,0.9,8.7,80.9,951.1,60.86,57380.0,0.0
73139,177.0,184.0,200.0,0.7,0.8,0.9,8.7,80.8,951.1,60.86,57380.0,0.0
73199,191.0,196.0,200.0,0.6,0.7,0.9,8.7,80.8,951.1,60.86,57380.0,0.0
73259,212.0,219.0,224.0,0.9,1.0,1.1,8.7,81.1,951.1,60.86,57380.0,0.0
73319,221.0,229.0,236.0,0.8,0.9,1.0,8.6,80.9,951.1,60.86,57380.0,0.0
73379,217.0,223.0,228.0,1.1,1.1,1.2,8.8,80.8,951.2,60.86,57380.0,0.0
73439,212.0,223.0,233.0,1.0,1.1,1.3,8.7,81.2,951.1,60.86,57380.0,0.0
73499,233.0,253.0,264.0,1.1,1.6,1.9,8.6,80.6,951.1,60.86,57380.0,0.0
73559,237.0,252.0,270.0,0.5,0.8,1.0,8.7,80.1,951.2,60.86,57380.0,0.0
73619,222.0,231.0,237.0,0.5,0.8,1.1,8.7,81.0,951.2,60.86,57380.0,0.0
73679,249.0,258.0,266.0,0.8,0.9,1.0,8.7,80.4,951.2,60.86,57380.0,0.0
73739,169.0,184.0,210.0,0.3,0.6,0.8,8.7,80.6,951.2,60.86,57380.0,0.0
73799,162.0,169.0,178.0,0.8,1.2,1.4,8.7,80.1,951.2,60.86,57380.0,0.0
73859,158.0,171.0,187.0,1.0,1.3,1.5,8.8,80.4,951.1,60.86,57380.0,0.0
73919,145.0,156.0,165.0,0.9,1.2,1.3,8.8,80.3,951.1,60.86,57380.0,0.0
73979,140.0,145.0,153.0,1.4,1.5,1.6,8.7,80.4,951.1,60.86,57380.0,0.0
74039,149.0,156.0,170.0,0.8,1.0,1.3,8.7,80.1,951.1,60.86,57380.0,0.0
74099,122.0,125.0,129.0,0.9,1.0,1.1,8.7,81.0,951.1,60.86,57380.0,0.0
74159,118.0,123.0,130.0,1.0,1.0,1.1,8.7,81.3,951.1,60.86,57380.0,0.0
74219,135.0,139.0,145.0,1.0,1.1,1.1,8.7,80.9,951.1,60.86,57380.0,0.0
74279,146.0,151.0,160.0,1.1,1.3,1.5,8.6,81.9,951.1,60.86,57380.0,0.0
74339,156.0,157.0,159.0,1.5,1.6,1.6,8.5,81.5,951.0,60.86,57380.0,0.0
74399,156.0,159.0,160.0,1.9,2.0,2.0,8.6,82.0,950.9,60.86,57380.0,0.0
74459,154.0,158.0,161.0,2.0,2.2,2.3,8.5,82.0,950.9,60.86,57380.0,0.0
74519,153.0,157.0,161.0,2.2,2.4,2.5,8.5,81.5,950.9,60.86,57380.0,0.0
74579,153.0,158.0,161.0,2.1,2.2,2.3,8.5,82.4,950.8,60.86,57380.0,0.0
74639,150.0,156.0,161.0,2.0,2.3,2.6,8.4,82.3,950.8,60.86,57380.0,0.0
74699,147.0,153.0,160.0,2.1,2.3,2.5,8.6,82.4,950.9,60.86,57380.0,0.0
74759,152.0,154.0,156.0,2.7,2.7,2.9,8.4,83.2,950.9,60.86,57380.0,0.0
74819,147.0,151.0,154.0,2.2,2.3,2.5,8.3,82.9,950.9,60.86,57380.0,0.0
74879,141.0,146.0,151.0,2.1,2.4,2.6,8.4,83.4,951.0,60.86,57380.0,0.0
74939,134.0,140.0,145.0,2.5,2.6,2.8,8.3,83.2,951.0,60.86,57380.0,0.0
74999,138.0,142.0,144.0,2.7,2.8,2.9,8.3,82.9,951.0,60.86,57380.0,0.0
75059,139.0,142.0,146.0,2.2,2.4,2.5,8.3,83.4,951.0,60.86,57380.0,0.0
75119,136.0,144.0,153.0,2.2,2.5,2.8,8.2,83.0,951.0,60.86,57380.0,0.0
75179,150.0,155.0,162.0,1.9,2.1,2.6,8.3,83.5,951.0,60.86,57380.0,0.0
75239,149.0,156.0,165.0,1.9,2.3,2.5,8.3,84.1,951.0,60.86,57380.0,0.0
75299,162.0,164.0,169.0,2.4,2.5,2.7,8.2,83.9,951.1,60.86,57380.0,0.0
75359,159.0,175.0,188.0,1.7,2.0,2.4,8.4,83.7,951.2,60.86,57380.0,0.0
75419,175.0,181.0,185.0,1.9,2.1,2.5,8.2,84.2,951.1,60.86,57380.0,0.0
75479,171.0,183.0,191.0,2.0,2.2,2.7,8.1,83.9,951.1,60.86,57380.0,0.0
75539,179.0,188.0,198.0,2.6,3.0,3.4,8.3,83.5,951.2,60.86,57380.0,0.0
75599,176.0,192.0,199.0,2.7,3.2,3.6,8.2,83.8,951.1,60.86,57380.0,0.0
75659,179.0,196.0,211.0,1.8,2.5,2.8,8.2,83.5,951.1,60.86,57380.0,0.0
75719,176.0,190.0,200.0,1.5,1.9,2.4,8.4,83.0,951.2,60.86,57380.0,0.0
75779,175.0,180.0,187.0,1.8,2.1,2.6,8.3,83.9,951.2,60.86,57380.0,0.0
75839,172.0,176.0,183.0,1.4,1.4,1.5,8.2,83.5,951.2,60.86,57380.0,0.0
75899,165.0,177.0,185.0,1.6,1.9,2.2,8.3,84.0,951.2,60.86,57380.0,0.0
75959,191.0,199.0,208.0,2.8,3.1,3.6,8.0,83.1,951.1,60.86,57380.0,0.0
76019,173.0,180.0,193.0,2.0,2.2,2.4,8.5,82.3,951.3,60.86,57380.0,0.0
76079,157.0,179.0,192.0,2.7,3.1,3.5,8.3,82.4,951.3,60.86,57380.0,0.0
76139,165.0,171.0,177.0,2.3,2.4,2.6,8.4,82.1,951.2,60.86,57380.0,0.0
76199,170.0,177.0,182.0,2.4,2.7,3.0,8.4,82.9,951.2,60.86,57380.0,0.0
76259,170.0,176.0,178.0,2.3,2.6,2.8,8.4,82.9,951.2,60.86,57380.0,0.0
76319,174.0,181.0,187.0,2.1,2.4,2.6,8.4,82.3,951.2,60.86,57380.0,0.0
76379,194.0,203.0,210.0,2.6,3.0,3.5,8.5,82.8,951.2,60.86,57380.0,0.0
76439,182.0,190.0,201.0,1.7,1.9,2.1,8.5,82.9,951.3,60.86,57380.0,0.0
76499,181.0,195.0,205.0,1.5,1.8,2.0,8.4,82.4,951.3,60.86,57380.0,0.0
76559,173.0,189.0,201.0,1.4,1.9,2.3,8.5,83.2,951.3,60.86,57380.0,0.0
76619,172.0,183.0,198.0,1.5,1.9,2.5,8.5,83.3,951.3,60.86,57380.0,0.0
76679,162.0,174.0,186.0,1.9,2.0,2.3,8.4,83.0,951.4,60.86,57380.0,0.0
76739,191.0,201.0,207.0,1.7,2.1,2.6,8.5,83.5,951.4,60.86,57380.0,0.0
76799,190.0,200.0,211.0,1.2,1.4,1.8,8.5,82.7,951.4,60.86,57380.0,0.0
76859,158.0,164.0,171.0,1.8,2.0,2.2,8.5,82.7,951.5,60.86,57380.0,0.0
76919,200.0,209.0,216.0,1.6,1.8,2.0,8.5,83.2,951.4,60.86,57380.0,0.0
76979,154.0,163.0,171.0,2.0,2.1,2.3,8.4,82.8,951.4,60.86,57380.0,0.0
77039,161.0,179.0,196.0,1.1,1.7,2.3,8.5,83.4,951.3,60.86,57380.0,0.0
77099,161.0,187.0,205.0,1.4,1.8,2.4,8.4,82.9,951.4,60.86,57380.0,0.0
77159,198.0,209.0,216.0,1.9,2.0,2.2,8.6,82.9,951.4,60.86,57380.0,0.0
77219,189.0,198.0,208.0,1.3,1.6,1.7,8.5,83.7,951.3,60.86,57380.0,0.0
77279,178.0,185.0,194.0,1.1,1.2,1.5,8.4,83.4,951.4,60.86,57380.0,0.0
77339,123.0,136.0,151.0,1.0,1.3,1.6,8.4,83.9,951.4,60.86,57380.0,0.0
77399,104.0,114.0,125.0,1.3,1.5,1.7,8.6,83.2,951.5,60.86,57380.0,0.0
77459,69.0,79.0,91.0,1.2,1.4,1.5,8.4,84.1,951.5,60.86,57380.0,0.0
77519,59.0,63.0,66.0,1.4,1.6,1.7,8.3,83.4,951.5,60.86,57380.0,0.0
77579,53.0,64.0,71.0,1.5,1.8,2.0,8.4,84.4,951.5,60.86,57380.0,0.0
77639,54.0,59.0,67.0,1.9,2.0,2.1,8.3,84.2,951.6,60.86,57380.0,0.0
77699,49.0,56.0,65.0,1.6,1.8,2.0,8.3,84.2,951.6,60.86,57380.0,0.0
77759,36.0,40.0,44.0,1.8,1.9,2.0,8.3,85.2,951.5,60.86,57380.0,0.0
77819,39.0,50.0,58.0,1.8,2.0,2.4,8.2,85.0,951.5,60.86,57380.0,0.0
77879,33.0,37.0,42.0,1.6,1.7,1.8,8.2,84.8,951.5,60.86,57380.0,0.0
77939,24.0,27.0,36.0,1.5,1.7,1.9,8.4,84.9,951.6,60.86,57380.0,0.0
77999,15.0,19.0,22.0,1.6,1.7,1.9,8.1,85.3,951.5,60.86,57380.0,0.0
78059,7.0,12.0,17.0,1.3,1.5,1.7,8.2,85.9,951.5,60.86,57380.0,0.0
78119,8.0,15.0,21.0,1.7,1.9,2.1,8.1,85.6,951.6,60.86,57380.0,0.0
78179,3.0,7.0,12.0,2.1,2.2,2.4,8.1,85.6,951.6,60.86,57380.0,0.0
78239,6.0,2.0,357.0,2.3,2.5,2.6,8.2,86.1,951.7,60.86,57380.0,0.0
78299,10.0,13.0,15.0,2.5,2.6,2.7,8.1,85.6,951.7,60.86,57380.0,0.0
78359,8.0,15.0,19.0,2.1,2.5,2.8,8.1,85.5,951.7,60.86,57380.0,0.0
78419,13.0,17.0,20.0,2.3,2.5,2.6,8.2,85.8,951.8,60.86,57380.0,0.0
78479,17.0,22.0,31.0,1.8,2.0,2.3,8.1,85.1,951.8,60.86,57380.0,0.0
78539,22.0,25.0,26.0,2.0,2.1,2.2,8.1,84.8,951.8,60.86,57380.0,0.0
78599,19.0,9.0,352.0,1.7,1.9,2.1,8.2,85.4,951.8,60.86,57380.0,0.0
78659,15.0,20.0,23.0,2.0,2.0,2.1,8.4,84.3,951.8,60.86,57380.0,0.0
78719,338.0,347.0,356.0,2.3,2.6,3.2,8.4,84.5,951.8,60.86,57380.0,0.0
78779,341.0,350.0,0.0,2.2,2.6,2.8,8.4,84.8,951.7,60.86,57380.0,0.0
78839,323.0,334.0,350.0,1.6,1.9,2.1,8.4,83.9,951.7,60.86,57380.0,0.0
78899,329.0,337.0,345.0,0.8,1.0,1.2,8.5,83.9,951.7,60.86,57380.0,0.0
78959,12.0,2.0,355.0,1.6,1.7,1.8,8.5,83.2,951.7,60.86,57380.0,0.0
79019,0.0,339.0,323.0,1.3,1.6,2.2,8.5,83.0,951.7,60.86,57380.0,0.0
79079,347.0,354.0,0.0,1.6,1.8,2.1,8.6,83.3,951.8,60.86,57380.0,0.0
79139,6.0,357.0,347.0,1.6,1.7,2.0,8.5,83.0,951.8,60.86,57380.0,0.0
79199,7.0,355.0,345.0,1.6,1.7,1.8,8.7,82.6,951.9,60.86,57380.0,0.0
79259,15.0,20.0,23.0,2.1,2.2,2.3,8.6,83.4,951.8,60.86,57380.0,0.0
79319,23.0,23.0,24.0,2.1,2.1,2.2,8.5,83.0,951.8,60.86,57380.0,0.0
79379,15.0,19.0,23.0,2.0,2.1,2.2,8.5,83.7,951.8,60.86,57380.0,0.0
79439,9.0,11.0,13.0,2.2,2.2,2.3,8.4,83.5,951.8,60.86,57380.0,0.0
79499,10.0,13.0,14.0,2.1,2.2,2.3,8.6,83.3,951.9,60.86,57380.0,0.0
79559,8.0,11.0,14.0,2.0,2.1,2.2,8.5,84.2,951.8,60.86,57380.0,0.0
79619,8.0,10.0,10.0,2.2,2.2,2.2,8.4,83.8,951.8,60.86,57380.0,0.0
79679,5.0,9.0,11.0,2.3,2.4,2.5,8.5,84.3,951.8,60.86,57380.0,0.0
79739,4.0,1.0,0.0,2.5,2.6,2.7,8.6,83.5,951.8,60.86,57380.0,0.0
79799,0.0,3.0,4.0,2.5,2.6,2.7,8.6,83.5,951.8,60.86,57380.0,0.0
79859,2.0,0.0,355.0,2.5,2.6,2.7,8.5,84.0,951.8,60.86,57380.0,0.0
79919,349.0,352.0,355.0,2.9,3.0,3.1,8.4,83.4,951.8,60.86,57380.0,0.0
79979,348.0,351.0,354.0,3.1,3.2,3.3,8.5,83.3,951.8,60.86,57380.0,0.0
80039,329.0,334.0,340.0,3.1,3.3,3.6,8.7,82.3,951.8,60.86,57380.0,0.0
80099,355.0,357.0,0.0,3.3,3.4,3.4,8.6,82.2,951.8,60.86,57380.0,0.0
80159,349.0,352.0,358.0,3.6,3.9,4.0,8.7,82.1,951.8,60.86,57380.0,0.0
80219,347.0,350.0,352.0,3.5,3.8,4.0,8.6,81.5,951.8,60.86,57380.0,0.0
80279,339.0,343.0,347.0,3.5,3.6,3.8,8.7,81.5,951.9,60.86,57380.0,0.0
80339,341.0,349.0,355.0,3.5,3.7,4.0,8.7,81.8,951.8,60.86,57380.0,0.0
80399,333.0,342.0,353.0,3.4,3.8,4.1,8.7,81.4,951.8,60.86,57380.0,0.0
80459,342.0,348.0,355.0,3.5,3.8,4.1,8.6,81.1,951.9,60.86,57380.0,0.0
80519,342.0,347.0,356.0,3.8,4.1,4.3,8.7,81.6,951.8,60.86,57380.0,0.0
80579,346.0,351.0,355.0,3.6,3.8,3.9,8.6,81.2,951.9,60.86,57380.0,0.0
80639,350.0,354.0,0.0,3.1,3.4,3.7,8.7,80.7,951.9,60.86,57380.0,0.0
80699,0.0,3.0,6.0,3.7,4.0,4.2,8.7,81.4,951.9,60.86,57380.0,0.0
80759,6.0,0.0,352.0,3.4,3.7,4.1,8.6,80.8,951.9,60.86,57380.0,0.0
80819,6.0,358.0,348.0,3.0,3.4,3.9,8.8,80.4,951.9,60.86,57380.0,0.0
80879,3.0,357.0,355.0,3.2,3.5,3.6,8.7,81.1,951.8,60.86,57380.0,0.0
80939,351.0,354.0,357.0,3.3,3.4,3.6,8.7,80.5,951.8,60.86,57380.0,0.0
80999,345.0,349.0,354.0,2.8,3.1,3.4,8.8,80.8,951.8,60.86,57380.0,0.0
81059,352.0,355.0,0.0,3.2,3.6,3.9,8.8,80.5,951.8,60.86,57380.0,0.0
81119,354.0,358.0,0.0,3.4,3.5,3.7,8.7,79.8,951.8,60.86,57380.0,0.0
81179,3.0,356.0,352.0,3.5,3.8,4.2,8.8,80.1,951.8,60.86,57380.0,0.0
81239,1.0,357.0,354.0,3.3,3.5,3.8,8.8,79.8,951.8,60.86,57380.0,0.0
81299,5.0,358.0,353.0,3.5,3.9,4.2,8.8,79.4,951.8,60.86,57380.0,0.0
81359,2.0,0.0,353.0,3.6,3.9,4.1,8.8,79.8,951.8,60.86,57380.0,0.0
81419,7.0,1.0,356.0,2.8,3.2,3.6,8.8,79.2,951.8,60.86,57380.0,0.0
81479,3.0,358.0,352.0,3.8,4.0,4.2,8.8,79.1,951.9,60.86,57380.0,0.0
81539,2.0,356.0,350.0,3.6,3.9,4.2,8.9,79.5,951.8,60.86,57380.0,0.0
81599,5.0,357.0,354.0,3.8,4.0,4.1,8.8,79.2,951.8,60.86,57380.0,0.0
81659,7.0,0.0,355.0,3.3,3.5,3.7,9.0,78.9,951.8,60.86,57380.0,0.0
81719,9.0,4.0,0.0,3.3,3.6,3.9,8.8,79.7,951.8,60.86,57380.0,0.0
81779,13.0,1.0,356.0,3.3,3.6,4.1,8.7,79.5,951.7,60.86,57380.0,0.0
81839,6.0,0.0,353.0,3.2,3.7,4.0,8.9,79.1,951.8,60.86,57380.0,0.0
81899,6.0,1.0,358.0,3.1,3.5,3.8,8.8,79.8,951.7,60.86,57380.0,0.0
81959,3.0,6.0,10.0,3.3,3.5,3.7,8.7,79.1,951.7,60.86,57380.0,0.0
82019,8.0,3.0,357.0,3.4,3.7,4.1,8.8,79.7,951.7,60.86,57380.0,0.0
82079,7.0,2.0,355.0,3.1,3.5,3.7,8.7,79.0,951.8,60.86,57380.0,0.0
82139,8.0,4.0,0.0,3.6,3.9,4.1,8.7,79.1,951.8,60.86,57380.0,0.0
82199,3.0,356.0,352.0,3.4,3.7,3.8,8.8,79.4,951.8,60.86,57380.0,0.0
82259,2.0,357.0,352.0,3.1,3.6,4.0,8.7,78.9,951.8,60.86,57380.0,0.0
82319,349.0,352.0,357.0,3.3,3.6,3.9,8.7,78.3,951.9,60.86,57380.0,0.0
82379,344.0,350.0,0.0,3.4,3.6,3.9,8.8,78.9,951.8,60.86,57380.0,0.0
82439,345.0,349.0,358.0,3.3,3.6,3.9,8.8,78.2,951.8,60.86,57380.0,0.0
82499,344.0,349.0,354.0,3.6,3.8,4.0,8.9,77.7,951.9,60.86,57380.0,0.0
82559,340.0,351.0,0.0,3.5,3.7,4.0,8.9,78.3,951.9,60.86,57380.0,0.0
82619,351.0,354.0,357.0,3.7,4.0,4.2,8.9,77.6,951.9,60.86,57380.0,0.0
82679,352.0,355.0,0.0,3.6,3.8,4.0,9.1,77.3,951.9,60.86,57380.0,0.0
82739,5.0,356.0,351.0,3.4,3.6,3.9,9.0,77.8,951.9,60.86,57380.0,0.0
82799,0.0,354.0,348.0,3.1,3.3,3.7,8.9,77.4,951.9,60.86,57380.0,0.0
82859,4.0,0.0,354.0,3.0,3.2,3.3,9.0,77.8,951.9,60.86,57380.0,0.0
82919,6.0,357.0,350.0,2.8,3.1,3.4,8.9,77.7,951.9,60.86,57380.0,0.0
82979,352.0,355.0,357.0,2.8,3.0,3.2,8.8,77.2,951.8,60.86,57380.0,0.0
83039,347.0,349.0,351.0,3.1,3.2,3.3,9.0,77.2,951.8,60.86,57380.0,0.0
83099,346.0,348.0,350.0,3.0,3.1,3.2,8.9,76.1,951.9,60.86,57380.0,0.0
83159,340.0,345.0,349.0,2.8,2.9,3.0,9.0,76.0,951.8,60.86,57380.0,0.0
83219,341.0,344.0,349.0,2.7,3.2,3.3,9.1,76.1,951.8,60.86,57380.0,0.0
83279,349.0,351.0,354.0,2.8,3.1,3.4,9.0,75.5,951.8,60.86,57380.0,0.0
83339,346.0,352.0,357.0,2.7,2.8,3.0,9.3,75.1,951.9,60.86,57380.0,0.0
83399,2.0,355.0,350.0,2.6,2.9,3.0,9.1,75.5,951.9,60.86,57380.0,0.0
83459,350.0,354.0,358.0,2.3,2.4,2.6,9.1,75.0,951.9,60.86,57380.0,0.0
83519,348.0,352.0,356.0,2.4,2.5,2.9,9.2,75.3,951.9,60.86,57380.0,0.0
83579,343.0,346.0,349.0,2.2,2.4,2.6,9.2,75.2,951.9,60.86,57380.0,0.0
83639,331.0,337.0,343.0,2.2,2.4,2.5,9.1,74.6,951.9,60.86,57380.0,0.0
83699,324.0,329.0,332.0,2.3,2.5,2.7,9.2,75.0,951.8,60.86,57380.0,0.0
83759,318.0,325.0,331.0,2.4,2.5,2.6,9.2,74.4,951.9,60.86,57380.0,0.0
83819,317.0,322.0,327.0,2.4,2.5,2.6,9.3,74.8,951.9,60.86,57380.0,0.0
83879,319.0,325.0,328.0,2.5,2.6,2.8,9.2,74.7,951.9,60.86,57380.0,0.0
83939,321.0,327.0,334.0,2.6,2.9,3.1,9.2,74.4,951.9,60.86,57380.0,0.0
83999,316.0,324.0,336.0,2.7,3.0,3.3,9.2,74.7,951.9,60.86,57380.0,0.0
84059,326.0,331.0,337.0,2.7,2.8,2.9,9.2,74.7,951.9,60.86,57380.0,0.0
84119,304.0,312.0,322.0,2.5,2.7,3.0,9.3,74.4,951.9,60.86,57380.0,0.0
84179,306.0,309.0,312.0,3.0,3.1,3.3,9.2,74.8,951.9,60.86,57380.0,0.0
84239,302.0,309.0,313.0,3.0,3.2,3.3,9.2,74.7,951.9,60.86,57380.0,0.0
84299,310.0,313.0,316.0,2.7,2.9,3.0,9.1,74.3,951.9,60.86,57380.0,0.0
84359,303.0,312.0,316.0,3.1,3.2,3.5,9.2,74.9,951.9,60.86,57380.0,0.0
84419,288.0,294.0,302.0,2.9,3.1,3.3,8.8,74.6,951.9,60.86,57380.0,0.0
84479,308.0,311.0,317.0,3.0,3.4,3.5,9.1,74.6,951.9,60.86,57380.0,0.0
84539,279.0,297.0,318.0,2.5,3.0,3.5,9.1,75.0,951.9,60.86,57380.0,0.0
84599,293.0,296.0,301.0,3.7,3.9,4.1,9.0,74.8,951.9,60.86,57380.0,0.0
84659,277.0,283.0,292.0,3.5,4.2,4.7,9.0,74.7,952.0,60.86,57380.0,0.0
84719,275.0,288.0,299.0,3.1,3.5,4.0,9.0,75.7,952.0,60.86,57380.0,0.0
84779,277.0,285.0,291.0,3.1,3.4,3.8,8.8,75.6,952.0,60.86,57380.0,0.0
84839,289.0,293.0,298.0,3.3,3.6,3.9,8.9,75.6,952.1,60.86,57380.0,0.0
84899,291.0,297.0,305.0,2.8,3.1,3.4,8.8,76.6,952.0,60.86,57380.0,0.0
84959,283.0,290.0,299.0,3.2,3.8,4.4,8.7,76.4,951.9,60.86,57380.0,0.0
85019,276.0,285.0,303.0,2.7,3.1,3.4,8.7,77.0,951.9,60.86,57380.0,0.0
85079,277.0,285.0,292.0,3.0,3.4,4.1,8.5,76.7,951.9,60.86,57380.0,0.0
85139,280.0,287.0,294.0,3.7,4.0,4.4,8.6,77.1,951.9,60.86,57380.0,0.0
85199,275.0,284.0,290.0,3.5,3.8,4.0,8.8,76.9,952.0,60.86,57380.0,0.0
85259,277.0,285.0,290.0,2.7,3.1,3.6,8.7,77.8,952.0,60.86,57380.0,0.0
85319,279.0,287.0,291.0,3.2,3.4,3.5,8.6,77.6,952.0,60.86,57380.0,0.0
85379,284.0,291.0,299.0,2.5,2.7,2.8,8.7,77.4,952.1,60.86,57380.0,0.0
85439,273.0,281.0,289.0,2.7,3.2,3.7,8.6,78.4,952.0,60.86,57380.0,0.0
85499,275.0,288.0,293.0,2.9,3.2,3.6,8.5,78.3,952.0,60.86,57380.0,0.0
85559,275.0,289.0,306.0,1.6,2.4,2.8,8.5,78.3,952.0,60.86,57380.0,0.0
85619,278.0,288.0,299.0,2.6,3.0,3.5,8.5,78.9,951.9,60.86,57380.0,0.0
85679,281.0,286.0,291.0,3.1,3.3,3.5,8.9,78.2,952.0,60.86,57380.0,0.0
85739,275.0,285.0,288.0,2.4,2.6,2.8,8.5,78.6,952.1,60.86,57380.0,0.0
85799,288.0,294.0,306.0,2.5,2.8,3.0,8.5,79.2,952.0,60.86,57380.0,0.0
85859,287.0,293.0,298.0,2.3,2.6,3.2,8.5,79.0,952.1,60.86,57380.0,0.0
85919,286.0,292.0,297.0,1.8,2.0,2.3,8.7,78.4,952.2,60.86,57380.0,0.0
85979,295.0,302.0,306.0,2.1,2.2,2.4,8.5,79.1,952.1,60.86,57380.0,0.0
86039,304.0,310.0,314.0,1.7,2.0,2.3,8.4,78.7,952.2,60.86,57380.0,0.0
86099,289.0,299.0,309.0,2.3,2.4,2.7,8.5,78.4,952.2,60.86,57380.0,0.0
86159,282.0,291.0,299.0,1.9,2.4,2.7,8.5,79.4,952.2,60.86,57380.0,0.0
86219,287.0,294.0,299.0,2.4,2.6,2.9,8.4,79.4,952.2,60.86,57380.0,0.0
86279,279.0,290.0,298.0,2.2,2.4,2.6,8.5,79.8,952.2,60.86,57380.0,0.0
86339,283.0,289.0,297.0,2.0,2.2,2.4,8.1,79.3,952.1,60.86,57380.0,0.0
